No,IGN,Fame,charId
1,Axcalibur,48829,1b40b3411ad9342cd2435742ff41b742
2,ICANANDIWILL,46720,067c415947562b2cf3d053a7c00d6762
3,Tigresss,46537,5b18a5f76c5e0f74d76a681a40ad1871
4,chuchuda,46516,cc9a32ddd5f089968bb75e086ce6f66b
5,5thGenLabrys,46320,41c4e13f5eaf6cd85a64520fbdfb2e7b
6,Guinervia,46152,e6b078e208b19d75c635645231caf395
7,LandraiderX,46090,1d113babb19f9364f3f02fd1a9b644bd
8,Phaidoari,45870,7fe8aa1191b879703037e44369878e0d
9,Magnoliya,45624,0966b311544902b6a9dbf4a8fdd3c935
10,SecSisDog,45522,a67d98b67f01cd2cd7c1b5343ea52564
11,AAANing,45516,4073f3d6772fc7c14d468f95e0988e78
12,ArsonMi1k,45451,977f6a3b5d25dc3e53d2743c7dc32982
13,HydraLina,45411,c987eafe027c56a4bffc566a3a5465d1
14,ChikaiSoul,45187,4f430f2e68ef7bfab342446ca980e95e
15,AxeSquares,44975,ec61c0528c1a790689c9b45a6d84c5a7
16,Erika,44935,b07539fb895ece611f6e88bdcd673984
17,SeraphKnight,44801,075ca141e42687f22cac6da0d6d7d270
18,Ainuri,44774,49141689aa2caa4d512a83be22920578
19,LuxinSaevira,44726,5f9584678680a4c42205d9d74509d085
20,InfernoGuide,44573,84ef82d96a813d177a6084614c35ed22
21,HabaneKotori,44503,a3e652988d8c3e3eb42dc646536c0029
22,Ancestro,44482,58d9971b5898040f6445aa32dc44520a
23,Gryphine,44447,c45293158b3f8accfdea7dd4475c4f3b
24,kaloklok,44438,3e15883b6ae75997fb1a873ae4219f44
25,Velcarlont,44418,e4ddc946ec5a52f376836a1df6accced
26,CoffeeKizoku,44371,42efdb63e4dc058a9ffaae76ad467edc
27,XanDeusVult,44368,e76e6b5649c1530b00aca89b4664853c
28,BadlandJudge,44304,8ee4ef9df6d5e5af70df2fa4c18592e6
29,RisekoDays,44203,2d61567df2094a16b884fcefad37c577
30,FirstWaifu,44182,10872f818494c10cb1cdda3ee157b688
31,Rack,44173,2f3449c5d0612d1c65d934db62260c7c
32,LadyPell,44155,05edd8f2d0534e799118ad792a06431d
33,De1i1ah,44107,efdcb684591c21646333c0dc4103b3ca
34,Serenado,44063,2f04f8f75dd3e7b8e51a22b6bcef0735
35,Ardanis,44042,1fe56de6e8df781a1c2575b7a2114c33
36,GuDaK0,43921,36c6086378900f06acc2d1c1c2c421b8
37,wxinBB,43820,a6c3e586e52cfbf89fdc30fa94a4aa3d
38,Vita7,43677,47bfcdb0b391c4f1b16c40680acd4813
39,NikaidoSaki,43643,e6ebf68d3e3166d34427c9ab993b0b92
40,cCuteQueenie,43501,0194f80326fbcd94c59fa547df6bb304
41,Explosive,43431,aa3bb342c6fa037873963ad4fa035ddb
42,VoThiSau,43367,71a6f59510e08b0992254f53b4a02138
43,vInferno,43215,d866831a560eca7b9b37c80219462b8f
44,Akaintas,43162,c1ab4bc6ab5516869b82fd232e870cbf
45,Tatlin,42919,d49c126f082e84668c204d1441715ce3
46,BellonaXXV,42744,14657c84b092a744bfc4768a78d9a812
47,NoMoreRice,42671,be196f9359990288cfee7467282607d9
48,leaderWrathy,42446,d7fae10cd2bd26269902069faba6c787
49,HellBae,42212,a564ed6f1bbf995e47224e7afd8a04dc
50,HeavierSwing,42158,8e6f6d7a63f3c5e89c8fd81367da9331
51,Inferina,42107,817d32fec07d82cdcb87d963505ba1fa
52,AzureImperio,42031,c79999f13a5ab11806acb2675c12c111
53,GabyHell,41900,fbb009ed03f324d8997d7efaf400a72c
54,infe8,41860,0abf23c43c8054d5a4a3115936add9e9
55,BurningSader,41773,298f4fbce975b5d18f42a8c9c41d8df7
56,Oversmash,41545,131c316f247781427c7b27e0c12d46c6
57,Banifire,41530,556f4d11fbb37079f1dc78dca29abad5
58,MySexToy,41505,38118ae72a4863e2fab87e19b1903b17
59,FlambeJambon,41480,2fb84c847d6ad6ac82d8ecf519949abe
60,FA1THLESS,41447,78600dd6c793b6ebb7fb567c81d68e07
61,DivinaAestuo,41388,18b9532b580c9e34b63067d866e6e2c8
62,AdiaosAX,41196,7209126ec6258f9499b7cacc21a0c895
63,AstroSlam,41066,d685f5f3cbfb6b6f620af1919b35bd00
64,RegulusNemea,41018,1513cf48d60578af8c64b9d4d01c7dde
65,Marikite,40873,d348fb19a401e0de532e40c335450dcd
66,Gasparina,40872,903ba13c8593e1382f9579193953692c
67,FrankyZE,40821,e298e53dcbecc57a45e3911fe55de661
68,Obso,40684,e51f5b415d5d3e3231c5fcc7083121b4
69,Pyrosader,40667,c54a118eb6899e2a632656b29ab4a35e
70,Ignaesia,40648,c197744b6db2b1baa566257b26f299f8
71,Syu-Black,40571,aef96ad82063d2335240858b6f12c6fb
72,Gaenor,40476,2cf7a725cfc01050f51358806a5f20a6
73,MixtapeIsLit,40401,b918aba172b478dd6676f63f677a56dc
74,Fuyukikona,40396,25b654228de7e44757e80ad3a88a710e
75,FlashHika,40366,1eefa6ef6e0b6e00f64595d724663daa
76,ElenoraBlaze,40197,afe6cc965a86a4b9dfa70d17a6fe13a1
77,AshenPhlox,40088,f0c5e5bd7b22bd42c83449f2367269ec
78,Sumilia,40049,e50c150bc51855bc2031fa83f2fce334
79,Ordallia,40014,d1891ff7b8c3949a9d3241afa32a73ee
80,DaInquisitor,40010,bb2ee338c90b9687a821da6037b9a956
81,JanneV,39766,b012d7fb603519a984e174dc9de06c6c
82,JowSin,39705,2504a2935500b1cfe99ee24f6782d1b3
83,Quisti,39627,232fe041e0d7888bcbd4f69cbafb0354
84,Eneis,39620,0b7a849501a5a6fd1fb2478739689a5e
85,odcidiana,39618,3594214b0f814862ea11bb424164ae4e
86,SinSpector,39466,55e9ca169d93c759fd38a9d3d909cf18
87,GOTOFFF,39381,7d27a0562452b47fc8eeb5c8cf5e79eb
88,RowletFlame,39116,8fe861e21d5ee008d5ae826d1b5d967b
89,Flamegain,39113,116e20b65f8e4859338ed928e4646d43
90,FireDraz,39033,5403ace84b2e0b2cfba3266927f6bcc7
91,Vaylinne,38943,37a627215959b3f9bcf63ebe4991d8ae
92,PyrosSei,38882,8738ad0d4fa7ed976e9900417fd01d1b
93,Rhea117,38879,60861b1d9a8800bc82730cf9ce6a07e0
94,Senjihaku,38792,2546e9868c53d3d49b191a09ae059fac
95,FlameParagon,38628,9234bbf28fd25d96948157e30bfb771b
96,VeryWellDone,38490,afe4aaebd70ae0ba91e1f8a44a6dac46
97,OGGeor10,38487,c02b67270060dfc1aa1308f31a377828
98,Fladramon,38483,1a1760bdc3aa19eee65355318f499531
99,IlyaAgnes,38470,2dc27135b5bcb122f0d39aedebae0f75
100,lklily,38424,ba0bec5f18f9bd2a597c553ee1687340
101,Lamier,38313,07875aec959fdd39847ac64bf44646a1
102,.GoInferno,38223,061ffac764da77286aad116c5de4c4b2
103,PRISTINRena,38221,6aaa7fb78a68dcdb4e046ec42fc3e1fa
104,ElizaThorne,38025,90496ae797dbc462b6ea6e4a2875bbed
105,Jalter,38014,6c0b94e67721614c437b624bd4293f6d
106,Kurusaida,37874,aefdc901a78550ea487813efc1599b63
107,Hydrosaber3,37847,bb4a7f65d8f85779140baf518838303b
108,Zepherya,37660,29d10b347ae8169763e708e5cb72b1af
109,Blesfire,37596,9debcca2e5ab7482be8223666b1f5b12
110,SainteJeanne,37567,525cc3d01feb06574964aa10a3942aa3
111,AblazeCross,37566,45eb074d19dc1ee0c87cd9b222cb57c8
112,+Lucifer+,37564,f7fea1173e0ddd8007fca27889aa9f56
113,latiti,37478,f25ae9aef05efa23698702f445fd2087
114,Spartoia,37441,dc3be3ca43c6cf5e99231ef3deb3fcd0
115,luvyluvy,37344,172026683487990188e62b541c790d0c
116,Vultur,37191,e38833a7f18c9dc15a8eeb94ba0df9b7
117,Fuapp,37106,9967e1defaf86f56870635cd54ed5ee9
118,Illiasvel,37099,519555d93b106a74c6b26dc99c2a89de
119,UshioHells3,37095,21ee7cc3e82b1975907d69e122fa1b56
120,Albed021,37093,d2b2517afbe968ed422a15d987bda5d3
121,Hellkiteya,36925,42846892a75ff8c05418f0c58a6122b5
122,Kyotsui,36889,16e2eb0bc62f85b99d41cc4eb13559ba
123,Keltrys,36868,3d3567650ceda25b165d606b1c77c94d
124,hachiouji,36783,4f36d3d2131a76311798f8ddb33509e0
125,ChiefLordy,36713,101bde11508bdbe5a76ef807d58aa256
126,dyc12,36647,c15ea2fd2092f2f1740ab22ee1ef659f
127,Volcanika,36643,9da1a1bccaf6dbabdebed4b9e7599aa8
128,AkaSteips,36628,590de8cd8a99aa6db3421b3339756956
129,JestF,36609,e1430ef54551addfbc046e3ae1eaa036
130,SpanishCute,36489,cfb611b3ffcf38cbc3cbfeba98065cc9
131,Mistycal,36474,ce79f70a8a3a32f66590dc1144e112db
132,Aidolf,36459,77c974bb7282024208d6567a49cf96e3
133,AsciaFleur,36348,58e11265770262bdf25cd8e0b764d5c5
134,Ametrene,36329,1698061bcd732c7273f375979e6aef35
135,Lucerys69,36327,a5d311c039c0e56551dfd469bca0efb8
136,ChristChan,36212,010e53274b29d303cd019bc727b74b12
137,TexasInferno,36193,c678fa98ac0627ae1829a086cd524a86
138,InquisitBob,36179,a45f0684e0a6a01c33da75001a3633a7
139,Carpets,36170,20f24a7f51553cfaa4843083a92f212e
140,ZeeDeusVult,35997,37846a7f4bfd60cd01b4dcb928aa5f15
141,ChristianMom,35955,48ad3cb70381e180115c5223935a7a67
142,Inquistis,35889,453a595026179fe5e939e706b5d2355e
143,ffoosshhh,35830,baefccc43c46792fa6a769f00c22a95d
144,CrimsonAim,35781,d56f836036082127df15aa13923a63de
145,No.Milkies,35773,a2407521ff801a33af4088d69314d522
146,XXXVIIID,35717,eb61a266e28be07b5fa268b2bf96fe8c
147,HotBBQ,35611,9641201f04d8daccd40c9da80f2e9481
148,EvangelNeia,35577,8468d4dd6075f80e6544f506f936ef15
149,OMGANAXE,35530,3b516fad1e3335708f248a82af7c4c06
150,RedCoffee,35482,ad0d87311d417404cbd5552b9509b120
151,MightyOhara,35340,53dec5c5f210b1d5a92b5d7dd0da7a5b
152,WuhtInferno,35291,52aa7497cd3019b312e1a72ab1453193
153,HolyJack,35266,005ff9b78e089c345125b9c8fe22c237
154,AznInferno,35266,4d40441429ef01f15b1cd5423ce53b16
155,.Atardecer.,35255,012dd799c3f7e0a36a55fb62af4ba085
156,Flamieta,35104,3eef19eb7433dfd5b040ad1842083d3f
157,BoaUriel,35064,53a1eed5c2fe4be1c922cc5acefad756
158,Vamirio,35058,8d297e98586aad72ccb1a3eb511e7c03
159,chanchullo,35043,8ab1da28514c9ed61e7e9333ccd163a5
160,SweetHell,35019,893ef601cc37074f5cefe6f764e43693
161,Paladinium,34983,5ceae2fc3c289e5775400c32ace751e7
162,zhangzt,34978,6b13d2e121019656ec2c8534e6711cc7
163,BurningCross,34966,f64b10312e0c054ddb69e92b5865278b
164,YesImJosue,34946,b99085f8a312381e0a8036a8d1c7b79d
165,FloodOfLight,34934,5f7f7259a7e9eb10c20c7551e2499422
166,xenailia,34846,aa81c9204741b02ddb3060208a3022f9
167,Orzgamer08,34815,3adf093639654811265945c7b446267d
168,Freilya,34810,fd8e97735901f7cb05b976aebf267132
169,Malibell,34800,63c980a2b06421a41eac4200d0f0a580
170,JERRYJUUU,34794,a75fe3a45712094b45720d6bafeb993d
171,Tainted,34781,87bb194e250c24d4af537540ca71c10f
172,Wapher,34726,7df63ddeff1af3bc412e051c5f9a6aba
173,Tsuukisa,34694,041ddfc9036aa3cf2d0110294ca45d1c
174,FlameBurn,34648,9db710382d22d2cc5d75dc6720664022
175,StripAndTear,34641,423e031835fdb59d6e931674585d6398
176,Iskisroch,34627,9a31b190e8c3ac59786934fdb1d0f6cc
177,JillValntane,34608,92c2edef42d302ec7998945c83396b52
178,AncientFlame,34584,27544cfbd24315db6efffbbcf1f4ce56
179,Voowy,34574,26518609271daf9f16906719d381fb48
180,Arepitaqueso,34406,5059d54dc69bb59cca9566fa19a5e5f5
181,CinderCrow,34372,9b5f747c3ca42cb5c23cee0550af75d2
182,Lilitv,34337,02a61b359b19558f804a23cc0e52cfe2
183,Jsn6,34318,2a543d4725a07ccf2baf53e5ce338a14
184,InfernoRose,34311,582f3da74ea23930036484dc533ee6a8
185,FallenHaruko,34224,61436c2b421a147a4cf1c3470df25e64
186,CastarLaw,34221,ad833a3edb6af7707ebe3538fce6aa2c
187,Firejojo,34192,649aa04ebd2d731884fc64973b5a63a1
188,Emblaze,34176,e647ef43560b2ae14f2185bbdcbdfa1b
189,lFeluriaNl,34140,85fce074e840deae1abeaa182278ea77
190,SaviorChan,34109,b16362d8d2d48fcad3124cd1d6b6b5e7
191,MilaGuideMe,34061,181e3c718ea48d8e56273ef9ea181632
192,Fervyar,34047,61aa271ec06d0da4733b116d732bd362
193,Destraya,33932,3fdb632f96827634a4985c149557f956
194,Juno1,33903,274dadaa1a03e03b2105704897f98d01
195,Srivani,33898,414e6c6f8683daefecafb7ec2c86f1ac
196,Lazieh,33869,e2e32740577e540ff57fcae3b7e3b430
197,Degurechaf,33860,b894524200235109a8785f3f087b56ea
198,Eliza245,33834,09afb017c22c8aa0233fd3cd50e05f38
199,Demicroix,33812,e2e61d87941b0cd5934748eb4f331333
200,JudgePONY,33779,9b8755b39ec2244f0bec0bff0793624d
201,Zeiths,33776,90611f8aa7935d164d95239f67595557
202,Meliadhoul,33745,c30503669c4f22d01df88d445b2a0df1
203,CUTEpreist,33733,7405efebbf6d1965bf68585b6213202a
204,PhoAmbition,33633,a5960f765dcf2adf9a2afe77deba2579
205,FinJudgement,33615,7469e67267edb0f0747ae2ce0121290c
206,Zelrys,33597,9ba8359e699b1bda1ba7618a26e0fabf
207,Joan_of_Arad,33525,6b42d60ff35df63fe79670df0d21bd61
208,LonelyExWife,33497,c29029b9667238d313197d85203d0808
209,BHEzel,33496,31e7b0078b7ba89fd6c48667e184336e
210,RoxanneAvery,33431,633476930ae3a7fd0e9df9b32415cdbb
211,Infernael,33428,d7f8c70997f5795466f4df1ce48d896e
212,Eliandra,33396,327a5e8b82156f2c3f0e73ec2e5beefe
213,PinPonPan,33365,265d40d79e85a0db95aa9dcd0e4ed474
214,GodSongs,33343,d9b9c922e61591dae0709ea931518628
215,MS-Vanica-,33313,1d3c26d983bcc965e2d5fa43b567fc1f
216,dralashesis,33154,be0b2f6b32abf0b1eea00fc16b15072e
217,IgnisUltor,33089,079236b25f0b316152721d7fe86070ba
218,RemoveRemove,33082,c028e03cca955089f765a43a272039ec
219,Ariesien,33076,c8d710e064ead6a10a5024f77a107025
220,MissOru,33070,baadcf97d15e590c37fe94ff5092fab8
221,Caballeria,33048,12fb0cc84c65f582c241ace427339fc2
222,Saravella,32938,3c0262d3a18d7cab1bae6fef78e08bc3
223,Tiamato,32881,ff75a587026f75d098d3ed9657355272
224,RedDahliaa,32853,ca5e414e6a0847c815fa90e5b5dd40ae
225,Urbabaa,32823,191d4a2f4cff5a16d97ae56d52804b15
226,Vanidad,32770,7b6e1b0db76ad702da7471c792a36d99
227,DaenerysT21,32767,e92c54a9e3e15aa533b66cee92e6fb44
228,RinneKasai,32755,4d14b281bde4b2e77869776450107be4
229,AlkumsCAT,32707,9c519bc236aa33974ca6416605d1eed3
230,PyrePrudence,32697,66553607f27e4912a2a8d9c6ababb060
231,NiceBlaze,32691,751aaf257a9b05a5936133aff5e4b6bf
232,TlloI,32689,d6087140deb75619ad5a3a1a1bc1daff
233,DulceFuego,32573,4cf59e4acb1f0705c36a3cb4047b26dc
234,Tsubak!,32563,f20564b2d9cadceb0e65163d21269b32
235,NANYVM,32551,272ae100973705c7dad10d1d6a6cd938
236,Viaryl,32490,13e62c06b8d465ab5833ea741a58a76e
237,valentina69,32414,5cbd5d8c32d832bd04d8deb4bf1e80b3
238,Executeart,32397,e87e1e62bda1a604d9d10c8ac2814647
239,Holocoaster,32387,9b817b55684ae93a45838eff92310719
240,Encendia,32381,d26d9a62395f4339c8a708239a5ba816
241,Mayuakioo,32326,2205067b5fea42457c95d4b736b5bf4d
242,IzumiMai,32309,905f2c4b980b6c2f100e0d1a1c54ae63
243,Inquisity,32205,6676ffca9980adf405125e27bdafcbaf
244,BurnNPassion,32203,227b199c63e3719c0dae6453280bad4c
245,Senroia,32086,ed237355661eb715b8c9b0245c4ce1cc
246,LuvmilaDark,32028,39b3d34921489969ebf543e4d896c3b9
247,FellCleavage,32015,453ebcc9af7089145983acbdaaf96a31
248,madaminx,31967,cdd9b58b0b6dc1d14741ae3a77287ef2
249,HristFlame,31943,56d63fa566e0cb40f9b411abb4b1f48f
250,mibesha,31916,bf0905ebca301f9a2cc9f3b98c1e72c2
251,Mendith,31910,fa3c7a9908264a349bec7fc11583a97a
252,K0le,31889,760704eaf7545cb8427f0e68e4b1cc3d
253,Kaimery,31870,a1e8f6b339a6e64a535c7e7588881e61
254,Prelate,31849,1e231d2d2c8d231833592e7b0f653701
255,EvilKatherin,31841,1849ff7124da14b5889cc861e0ec3291
256,Ofen,31812,cabe08754c149ce137a0fe7fa2d6b5f7
257,Sotavento,31722,6c87327b6344c42f010c005d1ded6df6
258,priestfive,31722,b21f5f42ee587c65a1bf4ca356f8bdf5
259,Arumia,31701,3cd39342bbb4dae384009e04686d103c
260,THEGIANTFIST,31631,fa82e38742f66fdde181d9d117682a38
261,T0shi,31623,9618abd00e7470eae2fca49edfeec902
262,aWastedPyro,31578,b1bf37b8a0a4d412db22ef01d0ba78e2
263,Diliria,31567,0eebc87275819b9bbca9150bc7f98053
264,fpriest002,31540,ad3d52b750f536d7c8d66739f56fff12
265,BurnEmAll4g,31530,c2480e949e4308064fadf06f94324987
266,ZealotAgni,31436,e2c1f73ba45190b3259ddd3f3975a44c
267,Aniram25,31415,982ff40f9be5c74146d34e2d6cc04382
268,HeresyPurger,31415,7f6c35c001a00ada98735563bc406257
269,HellkiteTyan,31407,b79e6f7d0b1d24cc9221b036d846483a
270,InfernoRoge,31261,596e1d71b41caf77ab7fe53a6750d44b
271,bigsoldierff,31231,5246446929202f75f299e583ed4de327
272,Ayxt,31101,f9cf4a29dac7a5570f93be53faf3513a
273,FireGemH,30950,4705526ecd40ac38cef42b36aeb29620
274,Jehanette,30837,d1eb8bd6e21f1c80bfb872f52dfd3b20
275,fuegito,30819,b061858d846fd46a524017706a00d761
276,SaintThekla,30777,fc4eb9c9b24b48d17a77fb76ad730243
277,Dary,30763,5bf1cb5be1cebf491411b7d29f223f58
278,Sebraza,30709,51b9983b7ee0a70e828cad8c31d6d926
279,EvilHigh01,30665,68c2d8612027f00b1c9448648ecae2e3
280,Matadragones,30627,7d2936aa1c2082327a9abd15dc382e6f
281,Shayche,30597,a18a940f10912c73c2fa3cd397122fbc
282,InfernoChan,30532,cf96d25f99db1f99a73160f88b29e322
283,BurninJuden,30529,41505d420ec995696f5d7f9611623f83
284,MayikaMind,30516,82d5f0cfe80fde72a91547ffcec11e98
285,Penepotente,30427,b9d876011cfb7f1fbd76c23f03d74d0c
286,Marshconnor,30419,452890c5a94eff9f403cc0de5aa3e216
287,waifang,30329,17d65053aac985bf98bfc82fee193950
288,Namirath,30325,ef489a047007c7cf56e94bce5cbc3bc7
289,SlayYourLife,30313,38890d51c01056beb1918cc944bc2330
290,Kyosomi,30257,10f83c7f81efb232efaec410503185e1
291,BlazingKate,30242,ad2c94bf951773f07d12f1a4cb1e989e
292,priestevent,30223,90691fffa58fc6027d7ad27ba901a760
293,DayLisDJ,30174,c2e4b261c9ae6bacaf42cb8053b21c21
294,InqHoes,30088,4fd7ec5f15a6ed05c2e0d7040eb22b9f
295,Annisida,30054,91dec94de489a2f80d0011b2c9ed54d5
296,QUEEPRINCESS,30049,bd4ca66c2c57d54452ff01ea3bc9a9ca
297,bregela,29901,88b1ece7b0e357b003fb0039556a60c3
298,Lenmorley,29826,07d7b6672a6eddfd78496a2c713fb7dd
299,Quahubris,29822,fc00316aab619c266b8d58f26a5e19ba
300,Lactase,29773,5fb3245b915a1a3737592ede781b81f9
301,Christianize,29767,02c747d03d5f5593a144aef3c9ba8add
302,Minirza,29764,cf58d258ec86c0cc2b1772b35e0f115f
303,StellarFlame,29688,90c4f21697069d541cad22010e838b85
304,HDDUYHRTJN,29658,9bcb25355c93e24b763f045ccff02983
305,lAMCALM,29627,c40764d8035b68b8f9d2b705d562ad69
306,Dhananjay,29619,fcb52291ed12325899d5a6d176512e27
307,GoldenFonk,29610,f0b20b3a4fbc33f0d56b1db9050c031b
308,DeusVendetta,29585,d9a45c6e59fc8f35e017c2ed8538b33c
309,Caranorton,29577,014a2aa38748a2c8b929d91582833d59
310,BrimstoneAx,29486,41db1ae588fda2d9ee7c4345eaacc531
311,Im0nFire,29485,3614a18eb86d1f45df032c52e86d5cdd
312,FaintVerse,29459,28c7fcaed9fc20de6786368fcdf2a09d
313,TowanaOG,29387,d0607860fa6f9076711398c3d247420d
314,FFFdanchou,29370,6e46ab6aca7ce8b070e21887b5914d29
315,Nunally13,29320,99c01b70410ab6de77bd231e8ae13123
316,Taikuni,29297,905551ae32a7193a2f70e95083b97e8e
317,Jibris,29282,daefcefced125dc7dc2f7a14e29c3608
318,Bondrewd,29257,9722d51aadac3977ff5848bca24ff321
319,NoFenix,29247,437680cbfa965c85c7754e9c40748e38
320,Hellsist,29193,2f69c567c3fabf96fef7add52292fb46
321,Xiayulu,29182,96ad7ce0ddb4b73c9424569daa03c243
322,JuanaDeArcoX,29154,33f8851160320951e2bb40787678bf01
323,MulierIgnis,29153,5c1f169711a6821baa37dcf7ae606b72
324,Rexwyld,29128,bb62d8c21198ed9308bbd4b695d16917
325,BurningHole,29059,3734e08915b2771fc8e73613a5dc44fb
326,KatarinaFeur,29056,314b7b3e80a8cf3767f90a3a7dfca25d
327,Siraine,29000,334130b71cf4f8adf9d21f076ffca7ca
328,Cruciatas,28948,a50f7159a067437379e4eed5c0784f42
329,LaQuemona,28929,c2dbebf3c866384310b67a9917643569
330,Eserlys,28860,3da1b1236521069d0ef3d1f997ef0c8f
331,Pineunsok,28832,e5081f950b0c3f2b5bb7b7f3f29117db
332,hotb3,28816,9c76b360396bac2a4699e14cf0b56117
333,SarahAxe,28814,b5f12ad66432b63cfd32be6377814094
334,LaDamaFuego,28804,d9575815734f60428c893e790b854127
335,Leyenn,28743,c1962516b351b792a420b98b3da52d34
336,WendyDragnel,28740,d3ab132037a5d66f937d590abd109071
337,KimCarnes,28735,f09738cf9adeb7b930590df4147bee4c
338,OathsAkiko,28725,07801f15c3ffb4d58133a454a8e99f1f
339,Atardecer,28717,04ccc78ed0253d3c4abeb30039c436b1
340,SecTor17,28714,0df944cee163a42bb617e2c0bda03bca
341,flamarys,28660,04fc968090b3bc9d6011173afaa91d89
342,Fiarana,28655,f18d99d23dec49243a7cd083bff68cae
343,PriestOFire,28654,f03c4c5c48dd90f2ca64efc43e5daad3
344,ShadowOfArk,28645,659d949c9ad8bcc3eae6b48eb23e3852
345,Esmera,28631,7055bb9f8196b1cdec5fcd4b22edcdb8
346,Bertpetty,28574,98625c3671ef22bb6db4b8afa8b2b84b
347,HallInferno,28556,35a8cf0a840c06ce6e5d9f735993a80e
348,LexInferno,28556,492d07027aa09f9b4e5ac7700fddccd5
349,LadyFireKam,28551,8316a4b2620038ac5e078da45fa16222
350,Sovereignoir,28537,12c92c22f820e8bf3dc2858dc50a82f5
351,Sleigtill,28515,95506269913ccf0b5e0e2bb4cdd109f7
352,GrandisLynn,28466,8dc30bd42f991628e74a371ca9c81f5c
353,Roaringfaith,28461,ed353c854514bbcd36b18097f3daaa3d
354,anto26,28446,ce9fd1bdad816d05c6ded1b4f39aa6e8
355,ChaosSaki,28420,ebd6893af9a81e14060be00526c271dd
356,FrolloCoats,28379,30f5f9f9906b2fddb69cc1d7ac0c4fe2
357,NowThatsHot,28320,ce735d4b54ef99e4e2ab8f4b00e20a83
358,FIREHALIME,28300,87e399cbe9e3ac7fc98b298f4b1f1c12
359,Rella,28286,7e917e4c53eb394c57b8884557f2b1a8
360,Grimah,28271,7ae695997239fb83e94fa3cf53f24723
361,EvanRachel,28266,9f7c5865c44babbd99df62af458ba297
362,JudgeDP,28258,65746688c85cfa076444f5f2458d964d
363,Kanarei,28246,0c1517e5057336dfbb8d702f81b27b0c
364,Morgantom,28246,8331bb6f8aca4a887be051e83b81ad7f
365,Gaiass,28232,e2d4e906883ba6f6ea7f46fc303c4708
366,Thaeniel,28199,276017884946db01e1f25f3474d5cc06
367,Muhua,28173,a38d3b269443c3064a9ec3292426c856
368,QuiSiK,28170,cbdfdd3e53196c62e5063ea3adcc9f4a
369,LaCandela,28166,ad4c535dbca3fae2708f6318a2498ba8
370,Bruceroys,28165,a597507eb64fae0bb01ebe3566b9d001
371,Mamazon,28162,ba989889c257a3fd076dd028e1ef55e9
372,Sayawick,28160,16f2f6f6e3be6bd57b6beb896993df25
373,AdrielSmith,28132,a0d7458ec723d7f6c5882111d82aadbd
374,Kaminu,28128,eecb7c48652ab712599f942b9ad8a4ec
375,CombatMeido,28118,4bc22dec64509de1ee1c486759797a8f
376,BeatrixDiaz,28075,281fed12d59f9b5f18b6117a43788962
377,Junoinferno,28066,97eef94c53e11b4528e0dd48c519b9b7
378,KheniaFire00,28004,cfdcfc7fdc27c038811e8b133a1881dc
379,ZarkazInq,27976,8f865e8763a07f67a8c50c9e441ed21e
380,Justistica,27966,059601d493f576359d881073b6efd232
381,piopiopio,27912,d62ecf0bda3080b039363b0eba4eba8d
382,AuraPriest,27904,d9e8a4ddcebc9e397fb0d81ac3519ebd
383,Panacota,27903,9a1038dd7e47187b8f60eb502d4c5604
384,Tinaemily,27848,fa3090f3dc50b403f6d1e89f6413f825
385,Melyandra,27795,0dae7200151b3e0fb639b73cf9ec953a
386,Innocentis,27782,2b00b45ddc08f57fb9186c25ea06d74a
387,Second_Flame,27775,ae30cf20595c24c5045235b596dbc7bf
388,Hazeltyler,27661,50e1b108f1356716110b546acf4c3dda
389,HeilTitten,27614,e5785bc3b50ab9032a3278d755b449d2
390,Denel,27600,468ea6d174b796cc39d08d6f24cae6ce
391,LetalEva,27583,7a15fc6d6d022a6d8bc475f16936778a
392,MisakaSariel,27583,de99d15a4f31699652ec9d2f97d314e0
393,InfernoDar,27572,df8b22ccf2263bf9839a1eb6fad1d3b8
394,PeDun,27551,e99299b5bbca6b2dd8bbdcedc6d62c28
395,SashaInq,27547,6c5990d5d1d8a169132037a4d8923b0c
396,bulozfigther,27537,c055ccbecd5d0e544fa57e1f48df362e
397,Goddess300,27534,a16ed53e5287f55e9faa1d45e7e2cb8c
398,Beviseve,27516,c0367dd3867fd3fc4738a09459eb89ca
399,Makipet,27505,3cbf8a0dfef20c1040e9d2573501e6da
400,prinsecita,27454,38f89fc1a2d46025325867c8cebfb059
401,OujoKennki,27445,bd4fb91a7ea4cd368fc20b9e7000df60
402,soulmoon420,27443,45f423d77c705fbdf9d5fad4a3b9b325
403,N90N,27406,39d5affa75567346d7cc4162213308a8
404,xXMisDeinaXx,27339,6d722c786af9318af3c7f9eedecf464f
405,SzetoInferno,27206,d3a7c1457c95d11aa73e16dc80c6e73b
406,FireNut,27198,61358780bcbded656af0e59f7161e8cf
407,Ferenly,27181,16af00eec66328a7f7dda84d06667a0e
408,QuisKum,27151,ba2f4a349b59fa71395bb60d695f8887
409,DanchoPrPr,27105,344133587028a938b7ea2b00f53cea66
410,pulgoza,27081,87b2d22572b06860dcabeb7eab292831
411,LyseHime,27010,8b7572bc97f8233f3ad619811b7fe783
412,Juliushume,26989,92449ee177fdcc43f5053e4e70f388e0
413,Excalibur13,26968,0cef1b1774c6779fc15bdd527d93b2fd
414,KristenLatan,26900,2be0e8a48901b12ad0672915b405e18c
415,TaxCollector,26890,1c7a803af6155927f8849f18963039d4
416,morena1,26880,14f34c14e49d7b30f3d65712c8f8377c
417,OhBabyy,26845,e4986bda5ee866f337620211843df030
418,Sirone,26838,901fec643da7d061f0141db2e8f315f4
419,LucyHot,26837,6055d297981376a49534ebe1d384299e
420,llAurorall,26814,60a19605debe10fbf9249662986249f3
421,InfernoT0,26750,7df118189b6e21b6b1b88d47e1522973
422,NBuna,26736,90375ed1d1e8a12dba691fefd2dbd67d
423,BlackHell1,26727,e24d064c27d3cede18bc10370fa5c65d
424,FlameGalicia,26655,c401261f0517f1eb4c17e8f46409ba2c
425,o0XINA0o,26645,6a42e8e64f29684dc8ee0a8476df75e3
426,DrinkMySweat,26633,031b734ea0c3015cb1ffcb3b83d1f445
427,DisasterKira,26629,2ee597e9d0d21d211af0c94184eddda1
428,rositaa02,26618,d4f203bde4125a95af3d0c78ac0c9d78
429,Scythn,26579,6a970cf8ebdfb34a3f2ef379eca79b8a
430,kuoinquisito,26574,c8247596018b5e34d67a27f919031116
431,Jinenji,26498,79fbec7af388fa05c517aa4122f41532
432,Ingella,26412,555c047851cd1eb56398a0e4c28d1b49
433,IndignationJ,26411,6b906b31fb0e21cee3e57bc28c034e62
434,Inquisark,26358,8806892d6901fa6445d610c778c598cd
435,FieryFire,26346,4512bef07daa38fda77122f7ba17cde2
436,firea1,26248,eaf86996649fc85c3ce57f5f872933c4
437,Milty,26171,c592fa41a1cb12637972fed121090529
438,|Sundowner|,26067,af8251e37a02e7a9d67e47c26729f902
439,BurningYee,26062,ee670314311b810b6e7b7e265e6b7aaf
440,Emberling,25987,f0e81bdbf7ff6ed8b0ffb777c1eb2559
441,FireFluff,25944,925ec5f13aed3053618763602fbee29d
442,SetsunaGD,25934,3563809b0c9ab5a3d493797d32a26cf7
443,DeathHellk,25671,d57e35044b1d815f6377c118dbc48a06
444,AnnikaFch,25614,32ce882ceaa48b6e1ffe5b8735b8cd9b
445,HamInferno,25601,a0cac360af81edc9194294028013cd83
446,YGHeretic,25585,56c34f7ed4e42d95d7014f9afa3b2807
447,Blazis,25545,b8dc6afd4b7bf3b82ddd2532c126a090
448,Sororimommy,25505,ee07fba7e27571b3b1e1cb3ada9ddda2
449,Nemesis3,25467,4ccd49c54564e56be8e143be86ee3df9
450,FiWarde,25384,10dce75a44646cfd638e9d6e12d14403
451,JoanOfFlame,25351,eec652a84f84069d7d02a8c73ae7afab
452,GreatThighs,25344,7c91ddb4eec860d6421f17a5b9c1f79e
453,Ratomu,25326,37438e8ad9b0f23fde0a67f01545d3bc
454,KureijiXuner,25326,42f4d309dae2adf9e9e34a4481d366e1
455,Seya123,25208,584ac8ee2c2160c2816f2492694effc5
456,ZxDragonxZ,25183,69229577260569085cedceaad2b4011a
457,Hydropower,25182,9db70b52b4d69033c94a8ca2bd076b99
458,LadySekhmet,25124,a48e85b067d6ba8478745880f2f778a0
459,Shalky,25123,1a1713641e9ea533ebaf4b579ff38b9a
460,inquisitthi,25115,76a4f1b8cf6974a7b1ff14c22fc25f3b
461,BloodThing,25026,c03b26f37390e434525870c9497f8281
462,Nessria,24969,40d4f6cf2ade928f4d85f2429a31ed53
463,iBorsis19,24965,a0d0f21221468bfb794f80d3b19c9adc
464,IgneousWrath,24807,2bd0faea8dccb83e9ca56f68337606be
465,FreedomCap,24799,8c5c45856f10cf1239d1a49c8c15b426
466,ssopaa,24731,a175c71f5ccfb7322764afa4f15f3cb8
467,Torontica,24706,1ebec20817ec8039071765e7b7c932a4
468,Fetcha,24686,aa42d595073d3ed21a2925ba8acac4e8
469,Inquisiwea,24647,9413a8537b9e51b6a468b06a1361f708
470,Phytonissam,24623,382a388b610a9738f361773756ef23b4
471,FlorDeFogo,24607,72d63ece6f3dd93e9f11f8c79e9f428c
472,Jennyhaggai,24588,d9c7e0ad086c8d5dd4979c2aaa71011f
473,BattleAthena,24553,605ce6a6b765ca0fcadd2fb10792cd54
474,MelisantWulf,24540,86bfaf096ee288525d311f117ffdc3d2
475,GrandisTia,24498,4d9895bf5642309f856232bb46ba7a51
476,LordNoda,24470,384a1df305734e8d6235ed03a1517af2
477,xD3m0nSlay3r,24427,2bd9f10ca2e2c8051c01bd42be239301
478,BrawlerMk1,24418,ba07b5ee83e31f59715a54b77dd76de1
479,fff_muii,24388,5cddc0e3b796f0da3a2ea430fce0214d
480,Iraignia,24217,518d0dfe7cbd07e30cfeeae9714ef180
481,sisterice,24154,d7b1162969c4c64aed5746cf53f1ef91
482,JKInferno,24120,3a3a421d93c1d06984900c694a7bffd0
483,Douser,24078,d44b281f7f39660ff1dd48342df21574
484,Hestia...,24072,fdebc0598905f5a35d1e205983e56f86
485,Safiara,24056,ccf8e55750b28d309744be429a5a23f7
486,KofInferno,24039,3da16d6b5dd6781c00b4a7d96f5f64c0
487,LucilleNova,24032,60d5be8ce0956991f80c9b12271dd3ac
488,hardine,24025,515f2434f31d9459f73c319368b057e6
489,Wampisitor,23915,bdd4cb08b3f5799f6205597ef1f04e45
490,Ignisan,23905,6852a0a6644e70919aea64e3a9fe8f16
491,AxeHolyLady,23799,2231bf9615c507ae37dc7483eea9cedf
492,Therapyhelps,23798,3e909579ca17d094cf7e39c6bf99b53e
493,JoyBlake,23764,5ad82c5f0359553874d115d454f75c87
494,BraveRoze,23751,753dd77091aae211ec3617233bffdc5e
495,madddiem,23719,e2408f3d692d35d4b032ed740d67cc23
496,xNaraXx,23718,ab81d2110f9dffe4ade43e818e969b59
497,Recaliation,23716,96329d8934921be2e33d05c680cee6d7
498,IStIJeanne,23561,7fa59507959f7df3013c16be63d421c5
499,DaedricHells,23556,6e077aba30ba55c4e22c7631bde42538
500,LuNaAndra,23481,686a06ba2fa3d5ae8c92c82c097e0405
501,Ginnette,23443,3ecd174040a77ff430710ebd7feea2e6
502,1nqus1dora,23415,4a3511178ae7296bb5dcc503301c6438
503,CELESPRESEA,23332,21d37fa06c4d7b87758183812ead4dcf
504,SlaLara,23308,272a4a798203001067527d549e3ae40a
505,Lucyfeliana,23275,dca257027d67a3d3393e610821ff6d7b
506,zJrieSz,23267,c765cd77195daccacb2d072a45c9c683
507,Aranaki,23246,c3c7820f8742e875100e79056c9364ae
508,WildFiraga,23230,38d5e3e15f95514978d3fccdadfbdec2
509,SisterHeat,23176,c374cd64593f33815b82d19a1ebe1bd3
510,Darisa,23125,69a7a2c6520107145c479f2c60abd86f
511,FeelgoodMD,23073,2ce36629611618174ce07c4a12f1424a
512,HellFlere,23016,6bfd308d6c381abc1de634a228cff217
513,RiteOfKindle,23014,f70150865b868bf4f6a20691debcb10e
514,Nakasugi,22990,a4c104214d550d938631d44367e89a8d
515,FlameByul,22978,9c953f9fe43486d6bd6be7804dc9a560
516,FireMiss,22944,8a8bbb3cf282422cb311fe7aa5f3991c
517,mokogi,22931,1747288b36c8ff84a890da32431f4e33
518,Katalina46,22837,6d932d6d1ae4bc158b8e7d7f57190765
519,Brizlienne,22830,087f894a47451db335588b66465fa48c
520,Shyhiro,22797,b69181ede7415c396d88ea4774f38048
521,ElviaKasai,22773,10e476fec28e96982f28a8a66df060f8
522,0Mordekaiser,22767,d8b8733328be2bce68ccea482cf375c4
523,UtakataHanaB,22762,2224b3aaffe84578b9d0bde32ad85655
524,Loida,22743,c737e00c99de8a5dbeba90cdbf5898fa
525,Rysqe,22718,d6af48dc094464b962c861a9c89bc4b1
526,plaguee,22683,d715e366ed6af010053eee96e2c0419a
527,Fernsby,22615,b80179a2a3c618b16f75a50b56ddefd7
528,Franby,22603,91a79713860f2f1fc24f1bc5b4ce85bd
529,LucielaMada,22582,977d6fe1a541f75b3b131b0cb724c8c4
530,Borealism,22563,6739ff5583a88dbb4c80ffd1e1c2a22e
531,jubelian,22561,e83914e823b22ce41bb03869974775dd
532,Kuruseda,22512,b81a3e918b615b17d1efa0e4f3ad0b5d
533,Jennistar,22498,b54a14128bffe16643885127a3109b26
534,ShawimaThief,22478,1903536df4619160f7fb483a85224443
535,Kruznaitor,22468,2c33972acc7dbdf46245f3bb3e56b05b
536,VieKr,22441,347c87fc39a2917c3b54b251b2039409
537,Estata,22378,d8d8923da7c701164ead7852882f69f7
538,coprInquis,22346,db8c9ba38ae864fdd9833ed03b751515
539,Deadpilot06,22343,82dd7b259fe875a7fc3b30b068644c4e
540,PigLucker,22333,aff222b4e3bb404ce34684baa0fe979f
541,LASARANAS,22317,aacab8eebe3ec8331a9c940ce4cafe74
542,Raeda,22282,1b0f52f7d8fd837093423b7ab08242e9
543,SenzaCartina,22232,b5e7be89293a64a9fbc1eb564cfcd64f
544,Caska1,22208,b245dd03986a55e860121b99d253673a
545,Chirisma,22126,8b1e7868530d3fcf5ef757fd3fb9defa
546,miryalicy,22124,c645ea043d0fbcc52fdac9c0aa7c7d3b
547,DArcFlame,22059,0aaef75527878626004211f25cae92dd
548,HorrorKitty,22031,2125d3fe3f6edcbda7deaf1b859f3bf9
549,ItsPandora,22030,7f350f212996c02644c5ea0d46fafae7
550,hellkitefff,22021,a1e9b2ee3389e457d9068a306641c4cd
551,BytesChro,21977,a2bab32db84bf8add744ff472e96e6d4
552,tkinq,21962,bb02aee0489db5f592b8fbb467ea66cb
553,Alisei,21947,d707e1c9154b2455c97a262948488121
554,Seraliya,21941,3eda9a745da807209205715e316e9d96
555,IrisFlaym,21919,0793cf9c7a0d02bcf152419a0610abf1
556,BlazinFurawu,21812,9768bb894aee5234787b1d19a51f0169
557,KagerouNove,21781,df2fcacaec6aa53f6365511845377be2
558,UltraLynch,21768,bd903b68748d506a5ff9941f5eac6924
559,FieryJace,21724,eeb47ff4171a06c14758eeb63e0f9335
560,Serafira,21722,dcec4808585111135500face4e5726ab
561,DeathByQuran,21657,6025a3298edb0a1c2b8c9ac2f51af4da
562,Zorymar,21583,552e45bd7408fd73c059a4cc9c5c5dbb
563,Pereshathi,21503,83af46066357a412c2bd5cf653c1985c
564,HellSmasher,21463,aa34a19a101a9afe5fa633c5ca23632d
565,PiousWarrior,21463,4745ebc1806f52cc044d5b5ffe40d85e
566,HelloKitty02,21441,5e95c0021e01c459cafa6d99454c64ec
567,EstherCrimso,21430,9065ae5b9ff34706fa480ffed044f82a
568,FortuneEarth,21413,8ded1710af55a7064c4637bba8293aea
569,Kikyo182,21394,88f6e18fb999c98ec8ecee16123a4680
570,Helkite01,21374,9fbb1775ef0fd9983cbe7cc3d8c5c518
571,Konkistadora,21255,22df6e283be5fd16020ae1c2a6d9a211
572,DraSummer,21228,ae06e34dd265e153da4f7a18fe708d84
573,Syreia,21218,fcaeb52526ec987d76721f6f3c0fe9ee
574,HolyInfernos,21097,2b3701c6442454eb17540dbb5074e185
575,Jeannea,21096,97b0c86291918fb2ed057d2f301fd372
576,InfernoXin,21058,c384320254773270dabce8accf69aa50
577,JesusWasBlac,21029,f611f930f1b85e798a7780f9830de610
578,DFOnotDEAD,20996,a6cdeca532ed331bfb6c8322494eeea4
579,Inquisitanko,20901,d3c2e54e171deab94122ebbef5f00c5d
580,Shikiyok,20897,9c5b468bfc26895cb931c60d7deb01d9
581,BSisterBelle,20854,0b7d5c7b9609b7cb7e2bbf9d2bb47913
582,rosk02,20790,50dd085d7cc56959f3356c3a73814c1a
583,ClaireFarran,20776,ef257e94cb55984ac215cba3471c0add
584,Seraphain,20742,8df077a1b9a193dab1bb7e432a721d58
585,Erulin,20727,32db0a227b90cd931d7ea0969334844c
586,aojnf,20720,8701fe0e5f8602ad358d0a6637048e96
587,Xanthze,20713,d2848f790ecbb86e680eebe1233627e1
588,Aedinia,20602,ad31eb8c69976a528ba1bc02f47eab07
589,NierOneL,20587,c836d1298c12b07f49876a7a5f4112f0
590,BeefBones,20550,aef3111b8488ae0d9885fcb59e5126f8
591,FIREJEANNE,20519,ef9d566c1e7cdb184da7289d914865e9
592,Redminis,20496,466f7bde6c09e5abcd38b149db5c4474
593,GeeeNeeeCCC,20486,90e42210efc0c7dcdc80d9c870f30157
594,Soma003,20470,3f68e4632d2e67f139402e9944140e1e
595,EmpressDuke,20401,79168b24bbf7d46464e0013949d35d2f
596,Herakia,20391,b9b38cc6855246a27943b4e03041c98a
597,SKeggjalds,20355,b0454055659e48cdf4e3b0be6fe348dc
598,PinkyCute,20281,3374b1a2d4d89bd3000a58bde60922de
599,Aalia,20277,eb32301620af21d15e60bc13b2b27150
600,HolisHolis,20220,ddf453a01aa35e0268a4fcbb8d4b6806
601,Templar123,20200,d4605cc1ca42adf347382775e387b36f
602,Inquist0r,20157,256f2531f3928554fb6f1278b89fe8bf
603,AseSsina666,20098,7b169903f785a7fb4439a3d00f9d2aa6
604,Minacle,20014,d337bc2a4aa67bc87c22243b92dfbdfb
605,Shirrana,19999,4330524ca3edca4c6b6a8b1c628f1346
606,JoanDeArc,19894,db85777da2deb77af3a74bf52ba51baa
607,bamboozz037,19887,a6afba8bb81cf751c163e69b78070989
608,sdsgrchgdcv,19820,10e1a7088c6b19f8e3e329523682c8fd
609,DvinaLuz,19797,a0e9d0d04b3f62c915da4715487aeba7
610,DoosyVolt,19752,b7cde8475600bfb94a7d0f1d64ed10e8
611,uriaad,19751,debefa6763ba90301e95bea58c939a4e
612,axeofgod,19728,65974bd18a7ff4e627e6428dc110f6b8
613,Risita,19692,6fa0b091ebfc878cdec2ef09cd886586
614,Valquyria,19678,6f333a7c43d2c94b905b8ddac5e5ae3b
615,Crusmi,19623,852eda15b51847776434ca84c5e1838f
616,Muriela,19617,2712e7b8e662f9ed80ad8c2773f0f34e
617,fanii,19596,3b01e5e77623bd5b2f0f97436bc60f86
618,FieryPenance,19562,2d6dd702557a485f2b7eabbbfa6e98e9
619,Sarize,19529,9fc3aca63c4993d6ae95580cbe91c451
620,GinnyW,19447,5d412c67c6ee03e9245b4f208b818402
621,Judicia,19366,d922cf7087afbebfe3a573d71162b296
622,FFFChief,19344,caba96bde85aa27083c42851b63a0309
623,Angelanswer,19334,bf85ef7594bf733382ab5b772cdc7686
624,Elazia,19328,9ac854ee988f8bdb5563fa9d356421f1
625,Emilia19,19241,6cca81ba6cf434b564c8f506fd421053
626,Goserya,19148,8caa98aba2a4186aadfac7348b5145ad
627,Bogardna,19127,ef296e2436ba5684cb68f97c8021a1b4
628,sh13s,19087,9053f3421e8d1d3ad263e139effcd925
629,ProfHellion,19056,72ec43b5fa4910f36728d65ba5a3fe1e
630,kurenai90,19027,7ef140ae395c1cf6e23dda3889254644
631,Lamellia,18997,1f13053280927471aa38b7b6e5f4571f
632,Deirdras,18994,a3a1b1b8c5b5b0d1c5412c88d56046f0
633,Capriiestsun,18973,efb1dad2710f5b89fc36336e271701a2
634,TheSpeedWeed,18960,28966bc52930dd71a52f3ed176a54b99
635,Kathrinna,18928,56d0ad933f706ffb8b9a5710bd88975c
636,KarmiGM,18919,7da2050d0b1345d5b43f063fbd8a992a
637,Virgirian,18860,fb8c97913eb55e5bf5b2ae741f535597
638,Rosirisss,18682,7c36e22b859eac41272b7c8e87fea8cd
639,selatea,18659,3319b64d2994d41c139394332ef27c01
640,Tunrida,18643,beaeab4d5b1301227be57816d781faaf
641,KadenceMarie,18607,58ca30fcbb8c8307d7fe59ea40ee79d8
642,Cybistra,18579,e75629ef893aded822cba93af12c7041
643,FALL1N,18546,47be232229864c275b74f360748230e5
644,GodFiredYou,18526,9da9376da6404275c31c05abbfbe30f1
645,xXNamRaXx,18432,2b7629fba889dceebf15d5b90ec52a1d
646,fiameknight,18416,9e8da3dbee03b06c5216a975973aae84
647,SaintSuzuka,18373,d1ed285ceabc568db463e0fdaa4a7a42
648,Ginamos,18359,977443aae060265ebc3af08bc6374e49
649,Odcidiana11,18326,6470cd94c468584a00447277b55a4afe
650,IDquisitor,18057,bf82909d4cd07a2431dd3a7ba88ae51b
651,CherryBeer,18042,96929f0e6561f32c78131075627c4279
652,SophiaDaisy,18021,3225b55d7667be160ed9dbe8d3301491
653,Lyttia,18012,b33bcb315b7797cb5fd357d23c8399c8
654,barryinq,17978,bce9d62027c5033c7cad59f66fd75a2c
655,StBarbarita,17949,098f9accdd8ed311f6961bb1ec86f6ad
656,wayu123,17902,cb4f2c1a231c9cf94fabab80e24b0b28
657,Inquist,17891,37e915b21dac428daddc9a16922487f5
658,DragonMagi,17847,a2af49a64e862e0ebc18a421e2e3c5a7
659,Tavron,17846,d98d033e54fd70a28bcb6b8374ef9185
660,Tastmyaxe,17836,a15973ef7d464a15df04ecc5d5d41fb4
661,Represen,17780,dcdad203c932d9279e74171d3e5b2da8
662,Amenity,17692,2907875747cd2bf77e4cd266c6de787d
663,Elafia,17682,0b52b7e7999bad2cb4f7df569ff9c191
664,InquiAsmo,17625,cabcdc90c0449bcc86a19d4672028d6c
665,LizeHelesta,17540,ea8b3a7b20a4467520f6b5e50f0452f5
666,YuuKanda,17519,be589dfca4701782521fed9981f9839d
667,DeusAnha,17450,0b9a8275487ca2dac73bc64b7f11a5e9
668,HolyBroccoIi,17427,87759533c11f181a41951aba159eed88
669,Hjai,17418,04a9bf36df22d11e76cfc7f1fb05fb6f
670,ChanelChance,17388,0f13a81a2a8b96029732894206efb6de
671,LUSTYBAG,17363,676460d42d43b3cf85715dcd94438de9
672,BerylFae,17344,2ce7de076d3869fe21ac45d55bd051d0
673,Astraeza,17339,01ca2205f7ebb48b974ecdb4a7afe9a2
674,MisVillaba,17212,03f3f6cd44ab2e619e1d72003ca3b70b
675,lovebabyuss,17192,60517fa02c8af59ef080c7618be8ff84
676,Rentiana,17189,444f78ebf3314de8c1f9ed5d5a11ce32
677,Lascielle,17144,d8359605f005e7573fa6dc47eb9dd5df
678,DaiDaiMi,17082,245cfe39a154dd4c29d0c4a9c3ed26a2
679,sh1f,17060,4260f12dd4d39d71b86d91ea97d7b6ff
680,Teresita,17046,39ef9158408a958616d38b71c918b4e1
681,GerryGrant,17022,4fc67dd2b9fbc11b9715584b46b2a595
682,Meliniel,16978,b23f55e8ac7e6640b19e246b5ccd505a
683,dogePI,16957,fb485b22befb9d79c45c6a6255e186ec
684,HolyInferno,16926,1949c04ff47228145337c980e964f4bd
685,Ayasatto,16808,f1964ac4e5a1db7901055e818746d0cc
686,DeusExHeresy,16781,17509dd298bb11ba307eca9209e4a54c
687,Inquerser,16777,e9541e04ddf87b4fff9b98e60fd1d4b9
688,Pur2sthunder,16771,f20d631ccec9fbc85f73008e497b3ecf
689,TsubakiMiika,16705,24126eeff18d5c42b39d4b32ae2fe60a
690,QuoVieussens,16704,6cd703a0b6ba65c760d7fa88ff1db46a
691,B1nFERno,16691,4573da8de82116d4507c0e9d64ae4a03
692,Soliremond,16603,ad9adbf1fdbbb1081a3d762100d8da27
693,vitrax99,16602,f57b5c7211cd41bc20bd9d1c85f3f6f4
694,Senori,16567,24d1c132b1d04e4481d4461d70886f17
695,BicQuisitor,16445,d123ba6e376790f033693fc768d933e6
696,PurgeAll,16442,baeb7b378f55b29ca0fe525a2f2311a8
697,BurningNavi,16310,d4444c0fda21b9b9f7742c42fa634873
698,LadyHot,16306,e1398268f56caa21338c2ce241c00e9f
699,LaurenLanda,16294,804c4e71679b1372ecbac4e22383317f
700,Asteralis,16282,5c02e68e67736b99fa894450c6d20af0
701,PriestMUM,16233,bcd2d75a0bc7b5f1abd5a7ac6ea4c230
702,Embel,16201,e5a019e3c25538f47d65faba0a1c8ef1
703,battleaxephy,16186,65f3d68fee5571344bc29e9a2c274c2f
704,melikan,16152,659f7386862aee1d9e264e3ca4f257bf
705,CharlotteHot,16110,635de4fd2f8030be2aa4eb2e8751577a
706,OilUp,16104,d183efa41e1d18a2fb951646cc05ba15
707,Chantic0,16095,dcb64d841c4b65f7c64077277dc22e52
708,Karren100,16095,d31bd54e0853ce14a7be1b391739b494
709,Noviembre,16086,5806509fce6c184dc5886e5617a7ddfb
710,Krucio,16085,da70227cbf23890761f20cda6548ccab
711,KURUSA,16081,51d4b8dc43a14d8991d44a1192a269b6
712,TheCruelFire,16028,8f198fabb0619e2c83bc6c2427caadfd
713,HellinFire,16003,719d6237b833d148e89d2845de52c122
714,inquisitorel,15999,65b6113ec0885be5c5cb9dbea6fb61c2
715,Mysvera,15908,50c9c511b6d7eaf4a90541718300f086
716,AnubisPrime,15743,5aeebad7a18753a7835c55dba2c1023c
717,bean66666666,15676,e49dacb9968732ebfc07a6c747312c75
718,Wyneth,15659,dc230590c24b1ffe3dc03ec86e91c67a
719,Cestrel,15658,64850cadb841c6a4462a9e7602bffe10
720,OilAndBlood,15650,5b05c4e3cff08ce692c6b77c5184a410
721,Jet_fuel,15550,aa91a11603687e5c9c815cd084ead131
722,Chaki,15494,ce0696b0595b93a8b9be474950aa4ab6
723,KousakaAkiho,15493,7f281d20c2b785edc7aad75ce5734e50
724,BurnDatAss,15490,ce1591f66c9b1a478cdd2eafc390a812
725,Inwi,15471,f5137152898f779a02961742c62c4e7f
726,ER15,15450,e9cb629d037aceeec2d3e659efb563c4
727,Aitena,15371,862a47d0a1109567747532f4f87b3ee4
728,FlamesDawn,15365,1a24068d7ec16b9be236cc71db7b27fb
729,LittleHana,15363,6c5eaaa4c661040cdbf16d0788c461c8
730,H3RESY,15334,78009e38782d739dec417de8ec6e095a
731,SsInferno,15329,402cefaf21ea5e6583b345a6636b50aa
732,MoistInferno,15322,ef72ad64960e68c68462064361cb5beb
733,CucaeFuego,15311,cf4fa962f37f1af6fd98e7ccf28e22ef
734,Amarett,15305,f78b8c143286522dfdfe4374f5cbc983
735,axetime,15185,c46ef4f4c14c4f55b61acfe7fa900f3f
736,Almighty.,15125,2969dae8dd7325f5bdf817cb7a536771
737,MitamaToji,15101,6c2bf8860c3241aaa1520b5751ca0394
738,LaPyroDeLune,15100,d46c75db7259b437b007b296e28102d3
739,SearSublimer,15030,ae97ee0e46f9f31770900a52053c882b
740,TkWei,14944,7059b79cb5042c40159d9bdf8e322674
741,MaidAzzio,14896,b7ae48b369991ca34de2223ba19ee580
742,JalterSlime,14864,6414ec774179de484bf008a0984121fc
743,IsabelCastel,14791,f247aa5bbc89e4f84a26e44734268e31
744,Flamica,14747,dd4b40829f9061eb63be32f047ebe9c7
745,Segurei,14695,dd02856085b1e2e818668360fce44404
746,Aerfryer,14687,009c39148eb698a5516e30f12f303ff6
747,x0Vulcan0x,14672,45923be0b6da17c9ad79174062ab2194
748,dforune5,14661,7d0b852cdcbc387547544c213190cb7b
749,chamuca,14652,91a918cf3d014a994e6ef6c9a285e50d
750,Nuntai,14631,9c81e03f2c46c55c255fb721ac30d19a
751,weeDARC,14629,70ca3c6caeb96951ef9efa4276d03f0b
752,SiomanHell,14483,748cb61659ba5fe0477bc37aba5730e0
753,Alandrius,14349,a26ce6a4b705564a9fca04d0dd7b8e8c
754,SambyBlaze,14317,c971dc4cf80e89d8d2c5a844e4fac490
755,Brigit,14280,05fdbd31a4a5b5ced6edecf0ef91f2bc
756,Honomaki,14241,e1d7a4888ff23d973b9358fc772133a2
757,Tigress4,14228,fed6b57d15f43a23fccec3f1ced5d43d
758,Benedikta,14215,639f85fb33d93bae5b0a16fcf12f0673
759,ZenTouErea,14213,518085458054076847707f2304b498cd
760,BrutalSwing,14196,d831cab7d6d853ac681f39d32cd9736b
761,FlashyRave,14079,1b51c76df2ad4a60e8ae3af4b933a6a2
762,EmberOhms,14040,08028ec383b56097b95004940b5ebca1
763,FPNI,14010,149b280bf7624bbba6b6d1e04f6d8ef9
764,Cenizha,14000,7cddd51086c0bb892a84b563acd9ec40
765,InfernoHS,13971,1036ee6e20c21160a191b10fa1cb3116
766,BlackSabath,13936,5ddce605d3f61d4d954fc7b97d07f864
767,verdugo2077,13912,dc252948af64e2629b332efc1be3e681
768,PIFMInferno,13892,06101010bebb5004d555b660c83917a3
769,EiraWinter,13839,67c448aad8a617e3f6122c0dceb6be65
770,IgnisX,13830,a6eef976475d42e0360b486a1732c1ce
771,DyunInferno,13828,fa7b406bbc7861e582731d4affcd9de3
772,Satell4,13812,1195e7fbcbdb8441b7085dc171e5e5a9
773,InfernoEris,13785,18dc7ac465a99a0d51f8c4f1cd43e653
774,Eleanmys,13737,35d762d6b28cdce6e4845cce6f56347d
775,ForDuhPope,13718,f720a79f13985243d7a4200b38e64386
776,Saunko,13707,9bfa532b99dbf5486f985e4a67fb3d1a
777,Cydrangea,13705,da18774cbce911aa019ecb8f5209e6d3
778,PurringRosa,13660,099d2df690fe09ab3bc97f2ed5eab381
779,IfritRAg,13651,7dd0581f7b0365f5c2244615ea8ba1d0
780,fireney,13598,03eb7745090a9524dd68eeb3c1dc8e49
781,Karyll,13594,3d1af775441142b65691ae67e0bbf28b
782,OnYomi,13578,7bba7b4b896bc70929ddcc11a01e5ec6
783,era17,13564,9b6787e1445354058f935113962d74b6
784,Luluchana,13498,99d9b16a3d36b0b3bb6c8787f045843f
785,Emrilia,13494,056fa5b5245fb4a1c280cd21214708af
786,Nicomax,13491,ee9bd5511f260efac6d918ba6a1599f4
787,MonjaRetapu,13489,5c7b4dc5859c67169ffccd69f2b04c2b
788,PhoenixTears,13459,80ed33554f37491008b46511ea452995
789,Lynt,13456,3af5b9a770f9d4d149ce515d34790e21
790,Sheleyah,13391,f4fafae430ef8a13bc5c51a5a5824cad
791,Chibicakes,13380,71b4332a5146d92444e1263d28333295
792,SaintCeles,13372,d841ddc75ff07cde32c293d7ee6093ad
793,Aurva,13356,0a07d5944d036f62d5a426104c513578
794,RingoAoba,13310,77797878913240cb9aaaf00e995c0101
795,czNemesis,13222,6a7e1cd966977b1c42d20a0c1c77dd0d
796,QuisitorKum,13197,af069ea3f1cc266cd7a372d911ffc2bd
797,LucifinilIR,13195,c40667330cb88510272ea0e45725428b
798,MetriciToga,13158,9e1512b0c2bbf2e33a35f917433a14be
799,jimura,13141,9ce23dc8357aa4d01d13944e99a277a0
800,3thpriest,13113,9c763342990cf7edddebdd6d9571867f
801,Qinchag,13084,f25a652c5fa120032a998283bdd296e9
802,FriedSpam,13082,5d57faf09a9795cd921add2a20a3e07a
803,Antandre,13034,8e51fefdecef81245cf9cd96a6a377c9
804,Yuzaki7,12915,b548d02c14a5d9a6b159e10d1b5734dc
805,Krostas,12878,28684f14ed99209e92263982fc9cad14
806,RitaVard,12872,bb1c6d1dc4cae25f7333cc8eda406d99
807,D0r0ro,12861,2f51316127d36f18c6779573b28d4ca1
808,MegaMaxFlare,12798,e845437ff43aad37de65a84bcdf14a27
809,Ardelle,12791,4147ba885ee5fdaa01e28f4ed58ad409
810,HEATEND,12771,b4178ca0bb9a6406940289b1d728c947
811,CalliopeM9,12770,ae6da2d6ccd5d00195c7f7edd2985259
812,Roxytta,12767,29fe7ea3f6d1d6c4071d1ceb70f89e0a
813,Facades,12759,fa1544260ad11d907a96dac855a12657
814,Vinaya,12731,7ffd94e546a0d0b610e3987eaa742dc7
815,BurningJew,12688,de052b399475342a9a8848474ab0685e
816,KiddxPurge,12682,661238937c26721532e31e2fedbdd0d9
817,InfernityDM,12588,e3865cdfcbdfdf4b3e895698834f4032
818,Glenquisitor,12565,241841e2628b560e9e1d850384ec9598
819,inquisitorsr,12540,e7f3ff5d625d366a8ab7f63adce0f802
820,zHatsume,12516,c0599ba8092468fe8a5fcd55c328e457
821,PeachPolaris,12395,484e8d61d51f141b3f164b62cd705962
822,Altesa,12299,5a39687142aff4a9c36d06b17e43ca07
823,Prostithots,12267,d66ff2fc33d6d1df89982a4644e4549c
824,FlameTowers,12266,8bf53af61fe77496a05368bf94d60823
825,InfFfferno,12247,6c466e67bf9a5f1d1fdd9c4e5d383a6e
826,FireOfPurity,12170,0fd595960d03e9a1bf5a60da6d3deff3
827,XxTcoreTxX,12105,f19e2d80628baa0da0ad0fd6932d10d1
828,LadyViori,12060,5d28eddb3817fd48ed4ae7bbfd181cd2
829,Hexgrave,12059,e6961f9f144ef9c743e96ea0d756fc76
830,owthatshot,12053,34198bf9982dd5b5c77202d57eae7ce6
831,StarScorcher,12008,e7b9ae9bbfa12b69392df3f6f1fa723f
832,Glazedmeow,11998,8bf2ada465d330c24d5b2a82f4647e5d
833,Trawma,11998,18a385ad7c397525765dd913d8e2f7f7
834,TgReinna,11964,d22e0de28482c94a6c0639630d04152d
835,cachapaconqu,11934,6f83096142552444a148c5df5d8e08b7
836,infernalkate,11923,46a0d4c2f78f439e50f9b5ab1b348548
837,Inquisicion,11895,4dd2327e75a86656eb002c7f958fb896
838,NEOeQuisitor,11841,105697a3abf6311108601ea1db134f06
839,RanAsakawa,11832,9ae6226bed13fd315ac88650c2559bd9
840,wtmpower,11792,d570680d572b73abb76cd58150e2c8a8
841,InfidelsAway,11778,0b56aeb43a71401497583e2bdd9e1eca
842,Valentianna,11767,bc4058e2e86525802cb1d3a7a7f11fb9
843,PurifierAnya,11755,4a28f7c84197e2ff8788adfa1c5014cb
844,MoruDarc,11745,1534b6d49f57f041abe10e25907ad73f
845,Alulicia,11723,cb9087e3c4b4173009aa7112e7dfa2fb
846,WritingFluff,11703,53e6bce307f0f66f8260d0a6451b3aa9
847,hermana1,11700,8968f03a5da009bac04233a3403870f5
848,Hakunova,11644,b3a7edb57177d16b872f429960e9e6ea
849,Deratrix,11627,d1c70dd49a034e5d6454fe42fa92a371
850,heafi,11614,e8fc8fe504b8a4098363a7c0524882df
851,LadyInferna,11611,aaa3ac1dcc1d6e7dfa5cbd99cc7d8562
852,InferTea,11591,1165bbc14db5a79d5dbc815d6e6ded69
853,YesAgain,11543,d1da28fe81e3ec2a33eb24e000f119de
854,Alita31,11539,7c0cb31a3d1bd0645fa74ae9153600a9
855,FireNeflheim,11514,3c143b8aec07eb55e05e3964e0630f52
856,Kurokurodo,11492,15c46ae93dbaeba5f8f6b2e7eaa62dcb
857,FuriousFrank,11428,94f22cb62a03123ddafdb3245a53c26c
858,SexyPuiPui,11405,dda723ff4b98f0e0a1d81600498b7e98
859,OneDay9,11338,c627ca7eff2f3ab99638c109b5d3e07f
860,HellDone,11315,7195f15456474f4fb2e18def884f1378
861,NBagel,11292,e504e354f29df54b8512b4f3192da8bd
862,ZirrohINQ,11289,710121f9d4baf2eb80ffbacf63ccbf77
863,SenpaiRB,11273,14814c762f986df32eaf1fd33b1f905d
864,AsapInferno,11262,6a370611e13d8f1a1c2d4b82d22f1dd8
865,SinsCreed,11249,fe3851717021e0666c8fd1ac4c90da70
866,Caballarius,11214,24d38f0dc7931fc76aad5c48e2b1d507
867,shrempf,11195,87228f0fd576bd4de27adb300970a4df
868,Khamayo,11166,b8e0b1d0c8239033e2fe426c53fc56cb
869,Lexallia,11160,f3542d9bbb543036237dbd7dbe8fa81e
870,Weinerbane,11136,cae0e18d554599a37dd84308bda721e2
871,Atliza,11093,128407ab267bab1180850c7130c8d4b3
872,sinseong,11087,7bef2ded71cc6e1007a995449b24ce3a
873,WinterEmbers,11067,5018c53b45f38d48f4723b46b66a8529
874,AxeBearer,11055,fcbdd4f1a805cdcc04af5ecb52336b13
875,FireNanNan,10944,5ea3e32ad7ebf126e39083d88017c40c
876,Ohmazio,10924,bf445d58eeaab8a591c41947924947f7
877,Baixi,10922,4e23f10e6889123b4505611961fc4852
878,LucilaAgnes,10910,ac785ee282110ec544c2aaeba643884f
879,Jesminder,10906,81d49f4936f42d3f369ba1c8f9f571f5
880,Mikitsu,10876,f4ded7d3ea510e06d1ae6e558f95d9b0
881,JzInquis,10846,6bc6bc0088f74c3c264aad3e1d0a5e75
882,Symona,10777,86ed9b6ed793093003f52f6be2113b75
883,HellAndEvil,10740,b0eabac1006ee73a360b894ffbaa3c22
884,FyreWynn,10736,dd0a98c7ff7f20b592544e139138d9c4
885,KroseCross,10694,20cba8e5ef19b8774f38c946226dd0d3
886,Topo11,10671,0107c93b7a566786fac9b152047f77b0
887,Joenne,10575,ae3bdd049d6308eaf55093a5becc990d
888,EvelynEve,10564,abd6ee213497a241efaf97fdf400f35c
889,SatanWife666,10548,3904b82c6826598f8c8d1dec88ad9b60
890,PurgeSeason,10544,e1a74d0661d611683aef61b22c834318
891,DawnLeBlanc,10533,6ddf0ade78629bb54b8874c6371105f5
892,Implode,10521,3d4d3c1571b7f4deaf328a07bf2129d6
893,Yuneskha,10450,97d1c4dd7264008c8186b1889136618f
894,JdAs1,10445,20f16b0327925ba3ac82a64f7207de09
895,InquisitorAi,10372,3dcb8090c632d9ab4e8ab75cf77e211f
896,yomamaSOfat,10352,629e5b6db9f95d3f9ee9f6e54859e26c
897,BJaden,10337,3014796973f2e9dbb2055d3e81b5b4d6
898,MaDamMagMa,10287,bfee47637296f30e30c33cbd2925caff
899,DianaViator,10268,431b8a9d6de0034ef33f5126394ae6b7
900,TheTitania,10214,cc7863f5dbdb2cd88cd294440dd4c5fa
901,Clarisia,10213,87d4c3ec7484c2c8747a0ab32580f39f
902,Wurren,10200,942c4197615e3a93585e776b141edee1
903,tomInqui,10151,fea9ccbf6265476ea9ea557b3982aa5d
904,Sibrand,10142,1b2e4ed4c9a60c68ae77157d448c86f7
905,Uhuy,10130,923cd28a0549ba46bbf7a3c2ef2567fd
906,LinYou,10125,c804aa3f9ee9b8d29b636c382b2bd167
907,JalaBoola,10118,45163b7262128fa797ccc78dd79c2a57
908,InfernoYen,10118,0e87aec46a2e79b35221e35518fb4812
909,Belonidae,10116,b07d5475bf13a2dc9db52e2f023e275a
910,TYL003,10084,fda92587c83aa290a131443f2c0c3c82
911,LadyFuu,10083,f1fe47d9c7a99c3242f6b4ed9f3f634c
912,Kainou,10074,84e066f655aaa1c2378849b372eaf24d
913,HolyKodo,10073,62fbfd3b45babe472b8b1bc322ec85cf
914,Miiyane,10057,49d55acdf5be2d2bc3ae98751920b52e
915,5unBreathing,10022,14f9df34b78a17399f83cf2d3c2faa44
916,Aestal,10019,9ee2464e7f576bb8d66be9e38690faea
917,ShangAxe,10018,9090eba0c7c6c9541d6f47bcc9ce42fd
918,HonerFire,9986,df6913885e0e54115cc900ddcf19b59a
919,MsPriscilla,9966,529cfff651791723031fc309b89693e7
920,Wratholis,9938,49ce4b4331fb5795b002a1240f7d5c7c
921,Inquisitine,9927,df72f327ba5fcb92444f84c1d2316f1f
922,Dogeruler,9887,cdeda38d8af558a92d7743c262ecbb13
923,Meeruhi,9785,64f2417222492dbc4aef534c1097e012
924,K4rmaBurn,9741,8657994f8e0cd465fb2804e01bc35466
925,ChexHmmm,9721,1782215961a8ecb5959b2953dfc72e24
926,BlazinChrist,9699,d370d9f9abdff0bfa79cf1aec589d81a
927,Lucks,9695,e7c3aafcdc9a7c112293393a90596d0e
928,Demden,9659,9fe4cf9b432547a59e8cdc75ea049b97
929,RozenKreuzer,9638,d7371739c91881acf7273d1ff3319a25
930,Newjoli112,9620,4995ffacea2656520f8c9134ec4d6880
931,Aneetah,9532,c4428ccfac0cca97188ac281735ec769
932,stefanny,9476,8c0380b524f15c0cac2300dcd71d983a
933,Ouriga,9475,9fb45a499686ae55611cd0f20f3b2f0f
934,Sarli,9420,0544ed8588ad8e6eef42a2f33a585abb
935,Scrutinizer,9411,9ecb4cf1b494c244a2e5631518b5d18b
936,Nonbeliver,9334,98df8298c31f20ae4e0a1cc6675190d4
937,Hierra,9308,4998039fb26e2344e009116c81564862
938,CrimsonlFire,9256,63794e0643d82178b759e1e91ce90dbc
939,EvangelicaX,9239,89dc9ffc80e2fa1a45c9d77bbe80d58e
940,Ar18,9239,664c8d15ec1eb42208c767949d033bd4
941,redthank,9235,6d4f84aef78cf2f6a5463faace40a76d
942,~Jenny~,9235,4cfb99088e6c1e5f5309150bb6a10867
943,Chasmrt,9225,0b62d820cbdf279b7622316ad60c2aea
944,ChaplainSara,9197,ff913dc9cb4362a4f32b23137f695c90
945,AzuraTinder,9173,371d625d7098d515cbd539b93bb41619
946,fiftywind,9170,4a966fbb64f8e0d29cc71e5b7ce3bd6e
947,Emilene,9151,43b2d2ab75c16128f6244c942e176e33
948,PyroBurst,9135,c92056a35a8c705649eb4b629d543e99
949,Znio,9106,6805b0e0a3a538b8ae93a2d350f8d0b1
950,ArchAlpan,9044,8bcec9830dc5eb38e9b51e28201dcb14
951,FFFHotpot,9020,150c1bfcce5660e9862624afc72c997e
952,Merecydia,9008,20b9515e53dfe038a2e81189ba06ae92
953,Alicyan,8977,93045f619a6ad3e56eb3f6b4bc9d0685
954,EternityHell,8972,945e83d3facba8c4f8d114c0e680199a
955,RebeccaBrave,8969,21bbe780a04c8bce186b17911bb8b11d
956,NoelleChan,8944,3ae54e24387458067520c5573fe25285
957,AsmodeusC137,8923,92155d8d15d5a9973a85a1677e1c0747
958,LadyAndraste,8908,622503ff76cd5b0f3a09f8aa66e1007b
959,ffffffburn,8897,23362a19e0bee4c3afe5a4bf7a1bbf16
960,Innomine,8803,cf811ebcf159f18b71dda153e5c83633
961,MrsMango,8765,210c77088174ec4088a84e69fedea764
962,KuroeSimp,8764,4ec01293f7e5c3742011fc1d280dc452
963,BoletaPriest,8736,1c72c129e3e457854c6ee5af8e2c4648
964,xHolyFire,8693,c2f624bc4739b23af48e8c2b4a5020ec
965,BlazeClover,8685,cf67a4ec142b56d0bf80bb52c305a0b2
966,Beryth,8636,6f8fcd9c34b247b8d25f2c501f24ecbd
967,BainDeSang,8553,66179ee6c05329f919285caf014e22a2
968,GrandVisore,8543,a8dd94144220a94731a9274bb3d46b83
969,holr,8538,ec9abe3a502a8b2048d3b2cea732a227
970,priestsayer,8516,e59394fc1a9dbdef24b16efa234ee951
971,leon00,8483,b3a3343e5d928f9e7e221fe27e19394a
972,Taleni,8481,a4bc27f11d3d0712984b5b1cc62d625b
973,Albedoia,8470,1dec4aad9252eb256b2b1a88fe2e86e6
974,OceanDanchou,8458,e6043c5026d08536103ba1ed264f1ea2
975,YTVGBN,8423,57561e8f254fb2d7761f9de4b7f43620
976,1CupCake,8422,d02dd6db62cd48eaebd89a44f3156c7f
977,Elruze,8406,babb8c2bcb613d9eff93c30042092585
978,Hadey3,8398,128675df83f2dd778115a78341a88b07
979,Odhushi14,8398,3f8e01ae3d2e02e3db4c3c926a5ca581
980,SugarHell,8367,ea72a15956163b7f2aed4e00d617577c
981,ShyvanaGood,8362,fd846d1e2aed995501f0bd1a30bbd01d
982,Hildegardez,8341,13e2deee4705650608acb873a9cb7e8d
983,VeraMaria,8306,446d8921bb14ecb1d4abde51f79f7076
984,CiottaHaff,8232,def7ab91622eb72fd3362eb2a366017e
985,FlareFanatic,8231,d88758210f64c12ce49412f6251b7c11
986,Evatine,8211,9005deb71c3762c48a344999bd98adef
987,TwlightFlame,8187,2de644e046cb2bdee461d3efd62a4c19
988,Rekatoncheir,8172,ae704de46470e4e5a5c652704ebb819e
989,Marimi,8155,95fe3749684ad957d2f0255417cd8ad0
990,Domenge,8120,1a35197c505e63f6499f7eec7ae8a542
991,QueenHellcat,8086,b419628ef0039b0012fc3b01989162fe
992,4UrDream,8071,fa057732357b6cdc77f1a82fe399edd4
993,Flamthemalik,8047,dfeb82f59e5b2ba91e7e6d0abae1c007
994,Doris20,7991,0a3d369c059879db318e859e1758ff51
995,PriestMarisa,7916,3daf30820c0bdabce30a07e13f76ccd8
996,FateSan,7907,134716a1f2a8259c2b60682af1ded6e0
997,BurningVerde,7893,4b3aa4c5ecf502c221acfaf016b7c7db
998,KirinFlame,7874,c6c812cd8e886ee181efd17b88bab551
999,Chirardelli,7873,241d0a5b04450a6acd287f3231841e13
1000,KenaSuriel,7867,4f55e072e7d399416bb5f21d66fbd008
1001,BootyLover12,7847,8c7692cae8915813aeb1022d804aebda
1002,TyrantQueen,7792,969ebb43c2ad6fbb82d948f928ceb03a
1003,LadyAzelu,7788,a8d1499195b465a07bdfe32708e555cb
1004,BlazeHearts,7785,9a5c211f379dcddaf448aa8a9ae919cc
1005,xRakionx,7784,1ae45bbae915fec33d73944ed078787c
1006,TrixieThang,7778,697945f2b50b4ac9ad133e61e4084515
1007,nakinfierno,7766,14864256032d4b8d9ac0abdbedb5c857
1008,Zerritoria10,7743,07d6482a41bda3369e807f71f2d2bbfc
1009,Imprevista,7670,482493ef9eb495e955355d9285a63d40
1010,MishaArtoria,7669,9530a228a36d3d8fac5acbb42087ed37
1011,FireBunda,7640,1c89fc4e012b112de8f16795ae4db51e
1012,RoyaHell,7621,e94f8b1c2c12b45ec44331e9e25f4447
1013,EventFPriest,7605,e5c476b728836cd20099de6204e0cc2a
1014,IvanTyphIn,7574,c361356c444e6b46dc918eef892207a8
1015,Natsumee,7569,122281bcb2113261781c1062af76763b
1016,InfernoJ,7557,de59993bb7e9a7186938fbdfa12e7b73
1017,Judgementer,7541,6a0eba282160cb82e76e59f9a9d7aa82
1018,Coruscare,7500,9e2815bef4067f59a1803957b9fe3427
1019,2haTZ,7442,8c2a27f3b5d7a64033fdd9ed9ab105ee
1020,DiceHell,7429,e00e389ca6a12457879cf846f0a2b0e1
1021,ShadowLia,7419,de9668c9e0729a7e0aea07b0e6cb09a2
1022,Yvnnie,7414,941af89309e454bf6667688e327203af
1023,SaintNatalya,7388,b4241bd0c8e46fa66e79a6eebfd324eb
1024,yiduan,7378,2fbb01add7c109f306fc685dbc573e47
1025,Kinoshita,7371,eba0fa338b359e6f4ce2261c0922d165
1026,LaydeeFiyah,7329,4d551d3588ac8379b022fbbbc43b4952
1027,Aurorazen,7325,29e2ef908f0247dd1ca820cec501b2d8
1028,Ventura,7294,7805b206f81d2d9e781d38e385bc7a9a
1029,Acrucifix,7238,4c673be742028cdf0c50b9dcb1772a88
1030,Doriania,7107,71eb16de0436658e07b162d006bb94fd
1031,HarlowHarris,7047,ab024cd1f641c4802f28c66eaff40dad
1032,Katouka,7029,47b25055cbda12778d85f9e974ae7492
1033,ShoyuDango,7015,76b7506c8670622f20af33110455ec1f
1034,NihaoFreash,6981,5b86807546466c3f1f6d624869bb7068
1035,Leanore,6979,4bb724163a16bf23b59b20cd82adbec5
1036,Phassmagoria,6974,8e00535200dd00444c75d9997156a7df
1037,EInquisitorE,6973,6dfdd20b253620af6ba36ac26c343e99
1038,ShariaLawz,6967,7ab624324ef772c127049f88eb2380e9
1039,Sprito,6952,649157edfc189d9dc7ee760c74a43ad6
1040,Veroniica,6949,139b166b131c87cdc566712b047051b7
1041,Animosu,6886,5c717b48e11d552ac1724e8325fb979f
1042,Elienferno,6881,fb5ecf08a64cf29c5744ac3d935593b2
1043,lIgnial,6877,62ce06a7e033232b9f9ab6772c6b5dd1
1044,FPPsyduck,6826,7dcad893ec0d108e886dc534f18f0cf5
1045,Chronatium,6808,f60e8b58af8551ad4d6a9b4ea966dace
1046,Halline,6787,6832871286ae2440f1fdca994ea2a27b
1047,Hot_Axes,6771,0d7dde772a1f5ac5a2d956cefdfb89b4
1048,supercross,6763,3a108fe9b365d1d0dc5ab0a933c6ad9f
1049,FlamingBible,6750,66ad015b4ef926dee69e7581b0dd443f
1050,JoannahArc,6735,3e97e8b4223456e726dcb9c34f299317
1051,FlosAestus,6721,b78812986618f8d5e16336cb4f808862
1052,Infaernalist,6702,c545271e6b400e3e3e0069582b9056fb
1053,Sshino,6700,388384694aaede0474ff189eb869e336
1054,BlazePopping,6681,c21316eac87e972bb69ac8237cbc0a7b
1055,Fpexorcist,6660,56cfc1866e92a7c223c7932def6c7606
1056,PoroNeko,6646,bdc8820c6b749cfc24a39ddd7c0335a9
1057,Dotairean,6636,4f5674d5e79154ad3e3ff2d6ceed9439
1058,Yarlana,6576,1cbe50f5cf181759801b4ebc8078ddbe
1059,HolyFlameKat,6576,92550673f4722b243f5b478860e752f1
1060,FieryCrusade,6572,58bb35ebf77f2bf4318e268768cb173c
1061,AlexaAndersn,6555,a92f14f6c7456c17179669d6f463ef2e
1062,Leaderfff,6553,b85fb263c1d8250ed796b5ee5bb2a970
1063,Zamah,6542,64420d2c1f61583e4efc0911c3c4d970
1064,Heloinferno,6530,a87718dc12323bf14b093b61c9db8f52
1065,Incinerates,6517,59216b6537e61f09d3e3d87b571bf725
1066,Liushui032,6489,89697fd1c88ad74a47b43c267bde8a3f
1067,Vicky2531,6483,01f4889aabae1f8e80a60bdc3bfac553
1068,JoanDirk,6468,c8a5e3fb28b372ccd43539b0f606e6dc
1069,SAIT2017,6439,01929e5b3bc3a58ac53b07292b55f260
1070,CookieCrush,6431,eadb8fdfea692792aef492888606c1f0
1071,MontMatKhe,6382,2762c1f98d71246b95de287fe04db260
1072,Iralenra,6368,f73a9763dedd78f584cb405f4b4c6be6
1073,Kirameite,6325,f5a23fbdf0b203a92075de9510beaf82
1074,senpai114514,6325,cd5caae89cc0fbe436688cee316c3765
1075,Cradek,6323,8c80b3dfe5c9e0ba6989581009cd6fa3
1076,Infernelle,6323,6241c932cb879acf21daf47a32d17ed7
1077,MinP2High,6286,f6d2cdc72eb53c68deceeada1b8b7660
1078,Axenstar,6253,e5f1d317e29c02d8c223922690589496
1079,Moniserr,6239,31717d5b0c7dbb1a2ce8676c7f94a198
1080,HeresyTrial,6213,e4d7a88fb9736f74c6b268352f4d126f
1081,Bahnfya,6192,a8e4d2f2dec066b542e4be313583a936
1082,DivineRelief,6175,619754248f9578d64e0e65ac74fb9c08
1083,Solerias,6165,3ced891d385bc1dba161fbab2c8f78f5
1084,pensadorinq,6119,79142aa4aa0354fd505aeef78a4e005c
1085,NGMR,6112,9fdc5465d3bdb869f021a295120b69eb
1086,FellatioInqu,6020,62c883e37b9cf3f8997f0a31a7e9181d
1087,BurnAllMoths,5976,2e2df9612986f94646f50bd8ac27e991
1088,NokozanF,5963,755c53049e9c4bb67640c1e270392b6b
1089,NeoBlazer,5917,adde4a35fd11472ef481fb1a5e96c6c9
1090,FresColita4,5857,ea1f40b3e58dd5ef0a522d6bbeff9d2c
1091,KuroJudge,5813,e7c4a5222e99aa7a2558f0c26374ea1e
1092,PotBerry,5795,0cd5d4f9fdeee23d311402d3312c1151
1093,TakamoriAiko,5735,45c6522338f48cd9c8767f5e32178c06
1094,Thazah,5701,e7f736b039a2d629ad20fa64f8cc5611
1095,KavKite,5657,5be74d4461cba0f19d652ee0012bc496
1096,Cauterizer,5657,c8a0938602874905d49e16a942f52e79
1097,SuperInferno,5650,b23c8dc24f6c72d39d9abf6dd9353a39
1098,NoramiHan,5649,8f401859e4ad451564307b387e0ec265
1099,Infemo,5644,1dcefadb9b701044bcc7e2ef3f1a5e04
1100,Kottone,5634,a70657e759157069fd0639b89a1e3893
1101,SinEaterJo,5627,074f40fa289b1b7f14f1804080f48175
1102,Sayelle,5620,b645abfc9a4801794af589155bfb2a93
1103,Inqarkyo,5609,f0a005bce20063b8120b8f21c8d535e2
1104,Kyouluna,5605,4bed0684c0fa1da9ae92c301c4b9d033
1105,SxInferno,5564,0eaee501e11ec9a716c0aea00ddedd75
1106,PurgeOClock,5561,f255149e38aeb87aa6b19deeebfc2e11
1107,ukimeow,5546,c621ab6e4a3150dcb1697ea1f14e9a50
1108,DueLaMar,5448,a83b663648d57668d785fab8b244e463
1109,KALLAMHELL,5435,2ba31fc78fd42a65cfc297ac29704d6e
1110,Doramine,5428,9d14edd672278bb06bafdd5708773fe2
1111,Decendent,5425,7a3c9a6a373cc46915418c4bfc8c625b
1112,AellaConvell,5411,4253717c27bea24ebba09e28c9277994
1113,SinAlpha,5357,d886e57d21492e52e86a6678d1feab8e
1114,Elaaden,5328,5aa8f74684e05335317fd2c04b5624b7
1115,InfernoF,5268,8c6cb83f7e5b219b12006adb890f7c0e
1116,FFFxLeader,5225,1b1d236490251681a2c96da5a3abc484
1117,FFFjuror,5225,8e132c6e836bc952ce73c12223e17001
1118,DelTaFFF,5199,93e81e0700c7e2b7657a412bb20d5948
1119,Hibel,5097,85820c19bca212b2d93d66784d0526e5
1120,Manaka,5091,889ecde1570e8f56335e6c2581488e88
1121,Kameren,5065,929c2322fa1d1659615e461d8756a284
1122,Rosa213,5057,e236fb25dd954dab4d877b5ed07f5c23
1123,SpanishInqui,5035,a6c96787fa4aaf422f8bf600d49f36ec
1124,Jeanadark,4973,4d9f9a3f05e149a246fc9ca4a719c698
1125,YuDae,4960,f0219fb77cc9ce8463b9ac3fee68f2c0
1126,lKagome,4940,aa755e292034caa900d99204f119b3dd
1127,MMentholll,4935,e957276d927f7e9d4567d872cc8982ef
1128,xSirjin,4935,6b37ecb8d46b3c11f1bd1b0dc96e10e1
1129,Sarosy,4910,3f105d849ca198ad2e20d44f498657cf
1130,LadyOfWolves,4872,489e4dab7ea594488cc780e88ee6e1e8
1131,BlazedAxe,4851,384f6f0a5df87536f47c2a4bb3521870
1132,Kelestina,4851,681467f72e5eb0c2a0058da512ca6ece
1133,TXHanabiXT,4848,bc7204d14bf8cc1b804758e25a7fc0c7
1134,Maruso,4836,7761e1b6da2acf579ede74675b342e0a
1135,AmaiSins,4789,baf4df80b0c1bac01b1720c5e06607f7
1136,SweetLullaby,4780,14f3aa8f2643020128411a0eb2fd9b6b
1137,AriaSando,4773,47c21ea21d65f8d8539ecc2389ea0330
1138,Xathys,4773,e1a5907e899941a4b09f1f29478090eb
1139,Sailindee,4755,c1fbbb79a12a78d328f9b76f4202913a
1140,FirePowas,4713,fc9765044ccb5a7470e7807f19019cae
1141,Mellowl,4702,983dddd8d3ffeb84d27bb9ace277ce2d
1142,CiaoCiao,4689,4d14e3206a374dd05a8fa6e35735df97
1143,SteamCat,4650,3805d710732ea26a52ed2eeb45f841c6
1144,Deusvultxx,4598,79a0939cd11af1e8748071f0ffb210fb
1145,Mytra,4560,1d1ea4521c788cfb9b2a0053ddde033b
1146,InfernoWoman,4555,4151f362aecc6632db1fd9709021e0fc
1147,LichtPurge,4551,2240617fc00dd57a3f981dcc20e6e328
1148,Malfeez,4546,9cf105b702e0d29789c12df862bc8732
1149,Aquilina,4466,20bb5ec99a9fc9978234c1b27ae7564e
1150,Yuzeka,4414,3c05c279fe8942dd707416da641cc468
1151,AliasJ,4404,3a9d70547aa17a20d7e4fb76cd3a18d8
1152,MadFaith,4361,5383263aa96417ac3334d69c216c463b
1153,Peeana,4335,f4c7b0a34f52c370c6779a694876c2af
1154,StellaMkII,4300,cf4f926e3b4ab9691ad3a276fef04b12
1155,DarkestWorld,4297,7bef2ed83fb87c90436ef0547467a2bc
1156,HellXFire,4295,f8c1899884dae99f583cb78373cfbb25
1157,Kumasaka,4270,a44efc49e23e3eda8fa3af4f53048dd2
1158,Nisteria,4245,93ed5a825a835b5b6523cf6a6fe948b7
1159,Triviane,4229,b72cb48978cdd379de0d8fd053d2922c
1160,ChapterFour,4197,7d107a70c75b9bd9fb5185596f4c4ab6
1161,Eileensss,4189,d31de20364f469883f9a4dd42884fb75
1162,PetitFire,4172,77673a932f4cd90b2fd341dd8bf6ccad
1163,SingleMonk,4049,0d9d4e393241a4fcc300d520702481af
1164,Swaggywbwrka,3968,0bf1cb5b86d01c1130318eb2af16f687
1165,KaguraZ,3967,c32d9347c9cea0e16f0084ed93d76b69
1166,ItsuyoMini,3953,e8cf6ece93d50935e9efa87d40e6a9ac
1167,Verdanti,3903,1e7cfa33b4a78dcba078eccd2d7eff52
1168,Belleza,3903,e80e2b535846a57b574ecccec66fcf98
1169,Jeanne0Alter,3842,20d523a07d69e7202bce976f1183442e
1170,Relishka,3828,7e9a4d002dc509ac8f257fe4f150dbfa
1171,Fireza,3818,1eb1852c73f8bb5b6b16428b600cdcc7
1172,tuanzang,3809,4ec9151964e8f56868d42f37d6a30786
1173,Theophobia,3804,2e3c7b00f3c669bcd963bf2a603ad1ac
1174,lKanadel,3799,f5d7caadb6703772ee00b493e59f7815
1175,IronMitsuki,3740,343c83edb9bd20af345d8f84195b5b6d
1176,ChiyoAkemi,3715,f53947c87bcf52bc48725eb38c7d58f9
1177,XiaoFairyYu,3684,f5d99bfbbdeef2fdc269132578af246a
1178,EtrosHellRin,3659,822d14724d642baeac64ea632b3d2d96
1179,SaberBRS,3644,d1542ef5a3ab3e7443d6a5dfce1f2422
1180,BurningBiach,3634,b3888bc7d0e9f42e057ed7dd96153a8f
1181,halfpepper,3608,1ce522dc1b4161afbb4ce959810b7b3e
1182,Joahark,3568,a950133b4c71f75919f5fca50e74ff87
1183,Majachenmo,3556,211f1d5f9ac9a9657a9fbbacb2ac2cc2
1184,ZicQuisitor,3545,dc1bddaf0264904171038fbdd5f386f5
1185,ItsLockee,3525,840dc6a1c55c9a9996293f6c2bd650d6
1186,Suri,3478,0b98a6dee57713115157d7cd0b6def04
1187,DrinkInferno,3460,e668c54cb76930e64a374e467bb008fd
1188,Dun1035,3432,1499e6db58c8a9b7dfa8b2c7640f83e2
1189,LadyDeusVult,3278,593c57536c6295a3c7ae911d65a6df2c
1190,Helenos,3175,f38ba8dbf1b517deac9d7549174e9d27
1191,SendaiReisol,3143,577f3d2b3cd7cfe13b94e6bc474c62f9
1192,FireImmortal,3142,3ec3fd5ed9204011d9f57d10dd424bc7
1193,BichiHellKit,3139,ac4d0f991245458fba4524008cce9026
1194,DoesItBurn,3074,79bd768ce5ca9a796e38c4335d14d0a1
1195,Sharatyx,3022,4f1cfbc3b7d26dfc1602f93e30890774
1196,Bamtokki,3010,80bc8f61bbe3ea34aa8c45a914a5896a
1197,SomeFPriest,2989,c1732162c888931aaa62dbe7719e6f4a
1198,InfernoLily,2945,1a135d2b9c17ba1e238aada7b9f6101f
1199,PlanetLord,2933,37b24081febb7f30fc5ab974a404c98a
1200,BlackJeanne,2926,5ebbe4fecfa1bc15ca39b9cbc5db4a83
1201,ZetsunaAM,2893,9f26ae0d6efdba0b6164841664860744
1202,Demonsbride,2878,8c02674d6a02d21d2cd0599c6488a4b4
1203,Vultigs,2851,48d39cd96bc8fe9d032c159076b55576
1204,Skalvia,2799,3a6956df00dcd5ab9a94be49236c397e
1205,ToastyLabrys,2789,ebb90a1f9df5989fd67879a2f37f7744
1206,Virlomi,2786,f86dbc0762dde99a07d42dba19562ee2
1207,Ignim,2769,35d7ec4afa9cbe6f278bfb6d724c8118
1208,Cassandra_Ho,2758,7ff833def7b2f6710f11a88c43be7145
1209,Valeona,2742,4b04c3524aa79ab5166077c4b347497d
1210,YuPrie,2697,de8ffa23a4dc398b86030c4fa2c32340
1211,xNaomixs,2656,9c82d5c048b773f8e85b26798b7d61ce
1212,FieryPitaya,2634,04e95f7f481fef6b332a330be16ab65f
1213,FV4007,2582,94429f5f9dbc2f6fed995cc8559c9bb3
1214,CHAxInferno,2560,01046d19a0e29585d646ea72318cd8fc
1215,BattleWale,2555,854dca75ea079a4778f3c93dc7366ef1
1216,Aglaja,2531,0dd58b3a1052d3df4190c92122635c3d
1217,Coercion,2492,9f322fc2f0cefc6ef21f122b6fb123a1
1218,Amanterasu,2472,ac0377d645e12172b798814260219378
1219,Gllorya,2440,513793921ae5b5db2778819406f86abe
1220,NiggaFlamez,2427,a612cbe2b111a0759b2a0ada1b146eaf
1221,burningPurge,2300,1359499454d31ae098e63852f56461a9
1222,AoiHono,2288,94d54006f26f6bdd6d62bf72e726c281
1223,BankSafe,2241,0d56bbed850dffc25ef49a1150bd3231
1224,The5thFlame,2230,e438b53f84e3c4801394a22a73a168b9
1225,JustAminion,2230,2e38678b5d7d06b4b07a2c1f921d8b6b
1226,Kayliin,2225,0584b2c4eac235f44c1ba518a7c88fcf
1227,V3rmisFresiA,2160,d5cc229c0b183db2ab9382eabc605031
1228,xSakurafffx,2093,220b34a7d04da1611d486c0ce64c6cc5
1229,Magisa,2081,3a2158b08bbbed06ba10b3bdb9e245c7
1230,SacredFlare,2078,5ac792bec852b697fd34cfce1dbddaaf
1231,LaForza,2029,3270ac8a3d224e244ab0b28e4bfd20b3
1232,Religiousity,2001,d6a4782af3fe3965623afd211f755b42
1233,IJudgeYou,1984,33ad8a2806c9c80752a65340081fafe9
1234,HeellKite,1960,c7b66d54541e61a4f2674f4acf72745e
1235,GourmewChef,1953,15d68ae1cf47e7f363642dc0637fa39b
1236,Boxquisitor,1950,2d91945710720c142d63affa15ae6efd
1237,SoulFire47,1924,ed32e99770c93bd6d8fefe75068b2f99
1238,Keteriya,1922,ac642670db8b7c99b8123bcf98f9da1b
1239,FlameofRecca,1902,39112b8a42113ded22cc58afff5190a2
1240,StonyInferno,1891,ecaad742b0e8ddaa11246741b18fdffb
1241,ChariotGum,1884,eac1ebca84f3a183c4541622e89d42bf
1242,Immeowlation,1856,70beb9ef6aec1faac90c3bbf73256597
1243,fashionVita,1848,098f37297278516cab383a231d1651cc
1244,Inquisiteur,1813,cf40d7e72b5fbcd01c1a153467eb0436
1245,Honozaki,1777,5e2b8c130617a74593f811b3fa52b052
1246,DieRichterin,1760,86e3d8ee9e9c8e376e5b416167676ffe
1247,InfShikieiki,1740,fdeb64e2e5115b2276ea01530cc4ee6e
1248,Incendies,1696,37673bac36df95422597e07a9fa0a107
1249,DukeCrowley,1676,bf3ba17f9b5e48b2e6d9f68927fac8b8
1250,BurnySandisk,1634,8cfd4a892ef437486db0bf17e520940f
1251,Conflagrare,1610,bafc38a0661d4cba34d5417e4bcf9be3
1252,Lazyhellkite,1587,6a84c70c0d8a1ae0f5ecb338add470c9
1253,lolxlxlol,1579,19a0d644bcf7b88bf08cf6079109743a
1254,SacredCereal,1562,426838cb057bb6649754f07ad528bc79
1255,HellKite95,1558,c093f5b6cf819f859b00fea3dd401247
1256,Renferno,1556,a27b53f4c04aa00498406a34fea02552
1257,StubbornSis,1542,6c0e2464d37fcab88d1ddf2ba9b584dd
1258,Moralyn,1518,c6788ee474b2b4aa09626494eb33b88a
1259,ClensedFlame,1513,170daabea20bd2c1d0c89685c1367591
1260,OneChanceX,1448,00f809be405f1f88dd71624ad259319e
1261,FMHM,1441,5db2bb3792a78a3c632bd100c9254cd7
1262,AbbysalII,1438,a75a74b3667eb125eb2092819d3e20d2
1263,inquisitorZZ,1418,67455265f99eb286a23e264664dcf2bd
1264,Tatyanna,1371,685585ee93ec25c1ef1f9713b8a0e4e6
1265,Valshaza,1356,7a0e5176620e1f43b64c32172d256363
1266,Natoria,1325,a1e61c6be33e5f739f95e2f5f6552712
1267,AkenoNee,1325,e03d59debffd688fc29e717afe1f1c69
1268,D0GMATIC,1313,9ad16c45167a57f9c2038a98d4aa608a
1269,LadyAmi,1258,c1aa28a4bc6399edb060ae72dd13af5b
1270,SmokinHotKei,1248,73c0c16af07665746345d0ecc881f101
1271,FriendlyF1re,1236,93447562e3c446a93ab8d88baa049c68
1272,Zirvia,1213,7ee4bdcc12c355065628a558ef76c826
1273,Hunniigan,1200,2b5c8f11b8501f88954929a97e5569fc
1274,vickisteven,1179,c0944ddede5ddd2e10b8d825a1e769f1
1275,DogWillsIt,1171,ced789920e0eaf47e1abf2010d8a3ba3
1276,SaiyaAshura,1150,af52fb2aef5bfcf03870850d3b27fed1
1277,YasunoKiyono,1111,95fe5e4f60d13aaa49fe7dfcf96c60eb
1278,SanSaibankan,1083,de42804e21fdd42559ece84f81c97f7d
1279,mauzelWheel,1069,286f1b96ec8ec1e71c5cb82d91d9dc01
1280,Jenesia,1064,b78ffbd040249bb9e3a3f1a839f02089
1281,Endeauvirra,974,0a850971e21b0ba86f341cc02e428cbb
1282,McHell,973,89c56f088b5d26195dcbdc1351649cee
1283,IDeathNoteI,963,0de45b659620b8b8ef6b4c0ea3b3a56a
1284,Thyressa,953,3dc9460e1f072ccedf3282d5fb7b3522
1285,Inquisitism,903,ca65af87504a4823625e565519aa9485
1286,Horo,899,c35852de0d01e66578a29a6b072853f1
1287,Keraunas,866,367d8b2bd79e4cc31e700446590e43a9
1288,MrsNewBooty,851,7b71747609f10cb83bc31f43b508a7a4
1289,AxeBelmont,848,da0e80d4a5a8c068f5f3d9dd4e82e5a0
1290,imdd,835,41e399b71d97b367c2f295bc5d15300b
1291,DuckWeight,827,919a6e4ded231387b85ad90d16ee3c8d
1292,ChaosBurning,797,89cd38ba45de2238d0bdad81be59dfaf
1293,OOOQ,793,be6da942b51c2d5952b45eeee49f8791
1294,AxeAttack,769,75307ccb3822ef0a6bef89354938435d
1295,Firewurk,768,4a13254b0a7cb0f1706b4b96a10246c1
1296,Buk_,766,b9213dd988af14404da7e978cbf3d2f9
1297,inquisitor11,763,9c4a727f7cd76d1feb9cb54253d117e0
1298,Djelmcie,752,fd7b9bda1fdeef079821412f485b097e
1299,YolToorShul,704,93aa510db05339a9589b225cab7cda0d
1300,NICOROBIN27,699,a1cfc65266274799162095fe84975a60
1301,PigPigFuzima,699,1484e2fc1562ddac3041794be12f7376
1302,BgoneInfidel,684,6573521ed668c9cd55f7347821e7dc6c
1303,InfernoSkull,672,22bda4aea22dc3760c95dc7265dd5df0
1304,meweebmeorc,641,74394acb8da057c4e8944c1cb448b5bf
1305,FckingNigga,630,43f9f75b3cc73da41dbfad0a89ba9b16
1306,Sardinesand,621,97e9552fcf4598f03f5f300799da5202
1307,Amenoflame,615,1c0cb385cd52f0c0eee9877b477cc9b1
1308,CrossFlame,612,41fe2b7e56d37193f013c79b217cdb97
1309,RotomHeat,598,097ca91a3305b16a84ab3076b5f1b4ba
1310,MaggieKhan,560,112ebbde4c7632718a859adc972d9811
1311,Muylu,552,63071553972ab4c8e169eb398af53b46
1312,Calllope,552,890b9c867cb022f798dd9dda08b5fbb4
1313,Inquisiwho,552,c45ab5d0ecfc2c377a06c63d32c9f4a8
1314,lAnubisl,524,8e646710c71f391998bf2e1be28ce75a
1315,MmeCharlye,524,fe4e1287fa600ee6b12d704922fc49f7
1316,SKYSister,512,5c0fbb96a634075331ec5365899ecc77
1317,Zavtras,409,0768c20799e90c695950500ff344ffc2
1318,AShoLa,403,570f1092121fd75c74ae79913e87ddf7
1319,B0v0B0u0Q,389,11387e237857f54f29cebe5da4afe911
1320,Infiernope,387,38ecda3e8afd7a89cc36185eff53be6b
1321,Xyrralei,315,4997c1e938d02c6c0c330adb6e86310f
1322,JayofArc,315,5ff568d46f63b4137b35824f274b4670
1323,manewhite,315,6d5fc43cb08f01901c75b1c03dea90fd
1324,CherryMagic,315,045092b4329372522055c1a7125d109e
1325,Bugati,315,5183d32656ff1890886c91e0f85c0b55
1326,InferCow,266,4922b4567a2cdfe5ee9a1af363f97070
1327,lDestroyerll,260,031c4368e29b5ff1a53d669884fad358
1328,MoeMoeBurn,231,018cd35ee78708aaedf82ae9d2b384c8
